Timestamp,Application,Status,Message
2024-12-17 14:58:43,AppD,CRITICAL,Anomalous behavior detected
2024-12-17 14:58:54,AppA,CRITICAL,Sample log message
2024-12-17 15:00:48,AppA,ERROR,Sample log message
2024-12-17 15:01:05,AppE,INFO,Sample log message
2024-12-17 15:02:56,AppE,ERROR,Sample log message
2024-12-17 15:03:57,AppE,INFO,Sample log message
2024-12-17 15:06:23,AppE,INFO,Sample log message
2024-12-17 15:08:28,AppB,CRITICAL,Sample log message
2024-12-17 15:08:36,AppC,INFO,Sample log message
2024-12-17 15:09:32,AppA,ERROR,Sample log message
2024-12-17 15:09:35,AppA,ERROR,Sample log message
2024-12-17 15:10:14,AppE,ERROR,Sample log message
2024-12-17 15:11:59,AppE,INFO,Sample log message
2024-12-17 15:14:38,AppD,ERROR,Sample log message
2024-12-17 15:16:49,AppA,WARNING,Sample log message
2024-12-17 15:20:08,AppA,WARNING,Sample log message
2024-12-17 15:20:52,AppE,ERROR,Sample log message
2024-12-17 15:22:16,AppC,CRITICAL,Sample log message
2024-12-17 15:22:17,AppD,ERROR,Sample log message
2024-12-17 15:23:19,AppE,INFO,Sample log message
2024-12-17 15:24:53,AppD,WARNING,Sample log message
2024-12-17 15:25:22,AppB,ERROR,Sample log message
2024-12-17 15:25:46,AppC,WARNING,Sample log message
2024-12-17 15:25:50,AppE,INFO,Sample log message
2024-12-17 15:28:31,AppB,ERROR,Sample log message
2024-12-17 15:29:00,AppE,ERROR,Sample log message
2024-12-17 15:29:04,AppC,CRITICAL,Sample log message
2024-12-17 15:31:32,AppE,CRITICAL,Sample log message
2024-12-17 15:33:51,AppC,ERROR,Sample log message
2024-12-17 15:35:23,AppD,INFO,Sample log message
2024-12-17 15:37:09,AppE,WARNING,Sample log message
2024-12-17 15:37:44,AppD,CRITICAL,Anomalous behavior detected
2024-12-17 15:38:40,AppD,WARNING,Sample log message
2024-12-17 15:46:42,AppB,CRITICAL,Sample log message
2024-12-17 15:46:43,AppB,INFO,Sample log message
2024-12-17 15:47:26,AppC,INFO,Sample log message
2024-12-17 15:47:40,AppD,INFO,Sample log message
2024-12-17 15:48:10,AppD,INFO,Sample log message
2024-12-17 15:49:03,AppE,ERROR,Sample log message
2024-12-17 15:49:49,AppC,CRITICAL,Anomalous behavior detected
2024-12-17 15:50:02,AppE,WARNING,Sample log message
2024-12-17 15:51:46,AppE,INFO,Sample log message
2024-12-17 15:53:28,AppA,WARNING,Sample log message
2024-12-17 15:55:28,AppD,ERROR,Sample log message
2024-12-17 15:56:37,AppB,WARNING,Sample log message
2024-12-17 15:57:07,AppE,CRITICAL,Sample log message
2024-12-17 16:01:21,AppA,CRITICAL,Sample log message
2024-12-17 16:03:55,AppC,CRITICAL,Sample log message
2024-12-17 16:09:01,AppC,CRITICAL,Sample log message
2024-12-17 16:10:15,AppB,INFO,Sample log message
2024-12-17 16:10:25,AppC,INFO,Sample log message
2024-12-17 16:10:38,AppD,CRITICAL,Anomalous behavior detected
2024-12-17 16:11:48,AppE,WARNING,Sample log message
2024-12-17 16:21:48,AppA,INFO,Sample log message
2024-12-17 16:22:39,AppC,CRITICAL,Sample log message
2024-12-17 16:23:02,AppC,WARNING,Sample log message
2024-12-17 16:24:19,AppC,ERROR,Sample log message
2024-12-17 16:26:22,AppE,INFO,Sample log message
2024-12-17 16:27:46,AppC,INFO,Sample log message
2024-12-17 16:32:42,AppE,INFO,Sample log message
2024-12-17 16:33:29,AppD,ERROR,Sample log message
2024-12-17 16:34:59,AppB,WARNING,Sample log message
2024-12-17 16:37:50,AppC,CRITICAL,Sample log message
2024-12-17 16:38:16,AppB,CRITICAL,Sample log message
2024-12-17 16:39:35,AppB,CRITICAL,Sample log message
2024-12-17 16:39:45,AppC,ERROR,Sample log message
2024-12-17 16:40:27,AppC,CRITICAL,Anomalous behavior detected
2024-12-17 16:41:04,AppC,INFO,Sample log message
2024-12-17 16:47:32,AppD,INFO,Sample log message
2024-12-17 16:47:57,AppC,CRITICAL,Sample log message
2024-12-17 16:49:05,AppD,CRITICAL,Anomalous behavior detected
2024-12-17 16:49:59,AppE,ERROR,Sample log message
2024-12-17 16:52:50,AppB,ERROR,Sample log message
2024-12-17 16:52:53,AppC,ERROR,Sample log message
2024-12-17 16:53:13,AppE,INFO,Sample log message
2024-12-17 16:56:59,AppC,ERROR,Sample log message
2024-12-17 16:58:14,AppE,CRITICAL,Sample log message
2024-12-17 17:00:14,AppE,ERROR,Sample log message
2024-12-17 17:02:00,AppE,ERROR,Sample log message
2024-12-17 17:03:50,AppD,CRITICAL,Sample log message
2024-12-17 17:04:31,AppA,INFO,Sample log message
2024-12-17 17:05:01,AppA,ERROR,Sample log message
2024-12-17 17:06:06,AppC,ERROR,Sample log message
2024-12-17 17:07:36,AppD,CRITICAL,Anomalous behavior detected
2024-12-17 17:10:36,AppA,WARNING,Sample log message
2024-12-17 17:11:38,AppE,INFO,Sample log message
2024-12-17 17:12:42,AppC,INFO,Sample log message
2024-12-17 17:15:03,AppC,CRITICAL,Anomalous behavior detected
2024-12-17 17:15:28,AppE,INFO,Sample log message
2024-12-17 17:16:58,AppD,ERROR,Sample log message
2024-12-17 17:18:09,AppB,WARNING,Sample log message
2024-12-17 17:18:49,AppB,INFO,Sample log message
2024-12-17 17:21:08,AppB,WARNING,Sample log message
2024-12-17 17:23:35,AppC,CRITICAL,Anomalous behavior detected
2024-12-17 17:23:36,AppB,CRITICAL,Sample log message
2024-12-17 17:25:59,AppE,WARNING,Sample log message
2024-12-17 17:26:03,AppD,INFO,Sample log message
2024-12-17 17:26:13,AppE,CRITICAL,Sample log message
2024-12-17 17:28:49,AppB,CRITICAL,Sample log message
2024-12-17 17:29:33,AppC,CRITICAL,Sample log message
2024-12-17 17:31:11,AppC,CRITICAL,Anomalous behavior detected
2024-12-17 17:31:21,AppD,WARNING,Sample log message
2024-12-17 17:34:03,AppE,INFO,Sample log message
2024-12-17 17:34:20,AppA,INFO,Sample log message
2024-12-17 17:34:40,AppC,CRITICAL,Anomalous behavior detected
2024-12-17 17:37:50,AppE,INFO,Sample log message
2024-12-17 17:38:07,AppC,CRITICAL,Anomalous behavior detected
2024-12-17 17:38:55,AppA,ERROR,Sample log message
2024-12-17 17:38:59,AppA,ERROR,Sample log message
2024-12-17 17:43:52,AppC,INFO,Sample log message
2024-12-17 17:44:32,AppB,ERROR,Sample log message
2024-12-17 17:44:45,AppA,WARNING,Sample log message
2024-12-17 17:45:29,AppB,WARNING,Sample log message
2024-12-17 17:46:12,AppD,CRITICAL,Sample log message
2024-12-17 17:49:11,AppB,CRITICAL,Sample log message
2024-12-17 17:52:25,AppC,INFO,Sample log message
2024-12-17 17:53:47,AppA,ERROR,Sample log message
2024-12-17 18:03:33,AppC,ERROR,Sample log message
2024-12-17 18:03:38,AppC,CRITICAL,Anomalous behavior detected
2024-12-17 18:03:51,AppC,INFO,Sample log message
2024-12-17 18:05:08,AppC,INFO,Sample log message
2024-12-17 18:05:10,AppD,CRITICAL,Sample log message
2024-12-17 18:05:20,AppD,CRITICAL,Sample log message
2024-12-17 18:08:13,AppC,CRITICAL,Anomalous behavior detected
2024-12-17 18:08:25,AppD,CRITICAL,Sample log message
2024-12-17 18:09:19,AppA,ERROR,Sample log message
2024-12-17 18:09:24,AppD,CRITICAL,Anomalous behavior detected
2024-12-17 18:10:34,AppD,INFO,Sample log message
2024-12-17 18:11:28,AppA,ERROR,Sample log message
2024-12-17 18:11:42,AppD,CRITICAL,Anomalous behavior detected
2024-12-17 18:14:05,AppA,ERROR,Sample log message
2024-12-17 18:14:27,AppE,INFO,Sample log message
2024-12-17 18:15:30,AppC,ERROR,Sample log message
2024-12-17 18:16:41,AppA,CRITICAL,Sample log message
2024-12-17 18:19:59,AppC,WARNING,Sample log message
2024-12-17 18:23:28,AppC,CRITICAL,Sample log message
2024-12-17 18:24:47,AppB,WARNING,Sample log message
2024-12-17 18:27:03,AppB,ERROR,Sample log message
2024-12-17 18:28:09,AppC,INFO,Sample log message
2024-12-17 18:29:18,AppC,INFO,Sample log message
2024-12-17 18:29:19,AppC,CRITICAL,Anomalous behavior detected
2024-12-17 18:29:20,AppB,CRITICAL,Sample log message
2024-12-17 18:29:31,AppC,INFO,Sample log message
2024-12-17 18:30:17,AppC,CRITICAL,Sample log message
2024-12-17 18:32:06,AppC,WARNING,Sample log message
2024-12-17 18:37:15,AppE,WARNING,Sample log message
2024-12-17 18:38:25,AppE,ERROR,Sample log message
2024-12-17 18:39:43,AppE,INFO,Sample log message
2024-12-17 18:40:24,AppA,WARNING,Sample log message
2024-12-17 18:43:08,AppC,INFO,Sample log message
2024-12-17 18:47:05,AppB,INFO,Sample log message
2024-12-17 18:47:52,AppC,CRITICAL,Sample log message
2024-12-17 18:48:20,AppE,WARNING,Sample log message
2024-12-17 18:49:09,AppB,WARNING,Sample log message
2024-12-17 18:51:58,AppE,WARNING,Sample log message
2024-12-17 18:54:56,AppD,CRITICAL,Sample log message
2024-12-17 18:56:27,AppC,ERROR,Sample log message
2024-12-17 18:56:31,AppA,INFO,Sample log message
2024-12-17 18:58:29,AppC,CRITICAL,Anomalous behavior detected
2024-12-17 18:58:40,AppA,INFO,Sample log message
2024-12-17 19:01:37,AppC,CRITICAL,Sample log message
2024-12-17 19:01:59,AppB,CRITICAL,Sample log message
2024-12-17 19:03:47,AppB,CRITICAL,Sample log message
2024-12-17 19:04:50,AppC,ERROR,Sample log message
2024-12-17 19:05:35,AppD,CRITICAL,Sample log message
2024-12-17 19:06:20,AppE,ERROR,Sample log message
2024-12-17 19:08:15,AppA,ERROR,Sample log message
2024-12-17 19:08:58,AppE,WARNING,Sample log message
2024-12-17 19:09:14,AppD,INFO,Sample log message
2024-12-17 19:10:53,AppA,WARNING,Sample log message
2024-12-17 19:14:16,AppD,INFO,Sample log message
2024-12-17 19:14:16,AppE,WARNING,Sample log message
2024-12-17 19:15:21,AppC,INFO,Sample log message
2024-12-17 19:15:48,AppA,CRITICAL,Sample log message
2024-12-17 19:16:57,AppB,INFO,Sample log message
2024-12-17 19:17:52,AppB,WARNING,Sample log message
2024-12-17 19:19:12,AppE,CRITICAL,Sample log message
2024-12-17 19:20:10,AppE,WARNING,Sample log message
2024-12-17 19:21:37,AppC,CRITICAL,Sample log message
2024-12-17 19:21:39,AppC,WARNING,Sample log message
2024-12-17 19:24:13,AppD,CRITICAL,Anomalous behavior detected
2024-12-17 19:24:26,AppA,WARNING,Sample log message
2024-12-17 19:25:03,AppC,CRITICAL,Anomalous behavior detected
2024-12-17 19:25:05,AppE,ERROR,Sample log message
2024-12-17 19:26:38,AppB,ERROR,Sample log message
2024-12-17 19:26:53,AppD,CRITICAL,Sample log message
2024-12-17 19:29:50,AppD,INFO,Sample log message
2024-12-17 19:30:31,AppA,CRITICAL,Sample log message
2024-12-17 19:31:18,AppA,CRITICAL,Sample log message
2024-12-17 19:32:34,AppC,CRITICAL,Anomalous behavior detected
2024-12-17 19:32:38,AppD,WARNING,Sample log message
2024-12-17 19:33:46,AppE,CRITICAL,Sample log message
2024-12-17 19:34:47,AppC,INFO,Sample log message
2024-12-17 19:37:39,AppC,INFO,Sample log message
2024-12-17 19:39:49,AppD,WARNING,Sample log message
2024-12-17 19:40:01,AppC,CRITICAL,Sample log message
2024-12-17 19:40:05,AppA,INFO,Sample log message
2024-12-17 19:41:24,AppE,ERROR,Sample log message
2024-12-17 19:44:34,AppD,INFO,Sample log message
2024-12-17 19:44:50,AppA,CRITICAL,Sample log message
2024-12-17 19:45:03,AppD,INFO,Sample log message
2024-12-17 19:45:45,AppC,CRITICAL,Anomalous behavior detected
2024-12-17 19:46:02,AppB,WARNING,Sample log message
2024-12-17 19:46:31,AppE,CRITICAL,Sample log message
2024-12-17 19:46:32,AppC,CRITICAL,Anomalous behavior detected
2024-12-17 19:47:46,AppA,INFO,Sample log message
2024-12-17 19:51:28,AppC,INFO,Sample log message
2024-12-17 19:52:38,AppA,INFO,Sample log message
2024-12-17 19:57:32,AppA,INFO,Sample log message
2024-12-17 19:58:21,AppD,CRITICAL,Sample log message
2024-12-17 20:01:29,AppA,INFO,Sample log message
2024-12-17 20:02:59,AppB,CRITICAL,Sample log message
2024-12-17 20:04:27,AppB,ERROR,Sample log message
2024-12-17 20:05:55,AppE,INFO,Sample log message
2024-12-17 20:09:50,AppD,WARNING,Sample log message
2024-12-17 20:12:15,AppA,ERROR,Sample log message
2024-12-17 20:14:01,AppC,CRITICAL,Sample log message
2024-12-17 20:15:37,AppB,ERROR,Sample log message
2024-12-17 20:21:37,AppD,WARNING,Sample log message
2024-12-17 20:22:44,AppA,ERROR,Sample log message
2024-12-17 20:24:21,AppA,ERROR,Sample log message
2024-12-17 20:30:34,AppB,ERROR,Sample log message
2024-12-17 20:30:49,AppB,INFO,Sample log message
2024-12-17 20:32:23,AppD,ERROR,Sample log message
2024-12-17 20:33:47,AppC,ERROR,Sample log message
2024-12-17 20:36:23,AppD,INFO,Sample log message
2024-12-17 20:37:09,AppC,WARNING,Sample log message
2024-12-17 20:39:40,AppA,CRITICAL,Sample log message
2024-12-17 20:41:23,AppC,CRITICAL,Anomalous behavior detected
2024-12-17 20:42:09,AppB,WARNING,Sample log message
2024-12-17 20:42:59,AppD,CRITICAL,Sample log message
2024-12-17 20:43:10,AppE,INFO,Sample log message
2024-12-17 20:44:47,AppA,INFO,Sample log message
2024-12-17 20:45:04,AppC,WARNING,Sample log message
2024-12-17 20:50:19,AppC,CRITICAL,Anomalous behavior detected
2024-12-17 20:54:02,AppB,CRITICAL,Sample log message
2024-12-17 20:56:25,AppD,CRITICAL,Anomalous behavior detected
2024-12-17 20:56:42,AppD,CRITICAL,Sample log message
2024-12-17 20:57:12,AppA,CRITICAL,Sample log message
2024-12-17 21:00:35,AppC,INFO,Sample log message
2024-12-17 21:00:42,AppA,CRITICAL,Sample log message
2024-12-17 21:00:47,AppE,CRITICAL,Sample log message
2024-12-17 21:02:05,AppE,ERROR,Sample log message
2024-12-17 21:02:34,AppC,ERROR,Sample log message
2024-12-17 21:08:06,AppC,WARNING,Sample log message
2024-12-17 21:08:29,AppE,ERROR,Sample log message
2024-12-17 21:09:11,AppA,WARNING,Sample log message
2024-12-17 21:09:34,AppE,INFO,Sample log message
2024-12-17 21:09:56,AppA,WARNING,Sample log message
2024-12-17 21:10:19,AppC,WARNING,Sample log message
2024-12-17 21:12:18,AppD,INFO,Sample log message
2024-12-17 21:12:39,AppD,CRITICAL,Anomalous behavior detected
2024-12-17 21:13:39,AppE,WARNING,Sample log message
2024-12-17 21:14:09,AppD,WARNING,Sample log message
2024-12-17 21:14:19,AppC,WARNING,Sample log message
2024-12-17 21:14:27,AppC,CRITICAL,Sample log message
2024-12-17 21:14:51,AppA,INFO,Sample log message
2024-12-17 21:15:32,AppC,ERROR,Sample log message
2024-12-17 21:16:24,AppC,INFO,Sample log message
2024-12-17 21:17:43,AppB,WARNING,Sample log message
2024-12-17 21:18:39,AppA,CRITICAL,Sample log message
2024-12-17 21:19:23,AppE,CRITICAL,Sample log message
2024-12-17 21:19:53,AppA,WARNING,Sample log message
2024-12-17 21:21:20,AppD,INFO,Sample log message
2024-12-17 21:22:25,AppE,WARNING,Sample log message
2024-12-17 21:22:28,AppC,INFO,Sample log message
2024-12-17 21:22:37,AppD,ERROR,Sample log message
2024-12-17 21:24:31,AppA,ERROR,Sample log message
2024-12-17 21:24:50,AppB,WARNING,Sample log message
2024-12-17 21:26:46,AppD,INFO,Sample log message
2024-12-17 21:27:42,AppD,INFO,Sample log message
2024-12-17 21:31:16,AppB,WARNING,Sample log message
2024-12-17 21:31:52,AppE,INFO,Sample log message
2024-12-17 21:33:01,AppE,ERROR,Sample log message
2024-12-17 21:34:25,AppE,CRITICAL,Sample log message
2024-12-17 21:34:40,AppA,INFO,Sample log message
2024-12-17 21:34:53,AppA,ERROR,Sample log message
2024-12-17 21:35:33,AppE,WARNING,Sample log message
2024-12-17 21:39:28,AppB,CRITICAL,Sample log message
2024-12-17 21:39:59,AppE,WARNING,Sample log message
2024-12-17 21:42:24,AppD,WARNING,Sample log message
2024-12-17 21:42:29,AppE,WARNING,Sample log message
2024-12-17 21:43:42,AppD,CRITICAL,Anomalous behavior detected
2024-12-17 21:43:46,AppC,CRITICAL,Anomalous behavior detected
2024-12-17 21:44:06,AppD,CRITICAL,Anomalous behavior detected
2024-12-17 21:47:25,AppE,ERROR,Sample log message
2024-12-17 21:48:36,AppA,ERROR,Sample log message
2024-12-17 21:50:53,AppD,CRITICAL,Anomalous behavior detected
2024-12-17 21:58:49,AppE,INFO,Sample log message
2024-12-17 21:59:19,AppB,WARNING,Sample log message
2024-12-17 21:59:22,AppE,WARNING,Sample log message
2024-12-17 21:59:30,AppC,CRITICAL,Sample log message
2024-12-17 22:00:47,AppD,CRITICAL,Sample log message
2024-12-17 22:01:08,AppE,WARNING,Sample log message
2024-12-17 22:01:18,AppE,CRITICAL,Sample log message
2024-12-17 22:04:24,AppD,WARNING,Sample log message
2024-12-17 22:07:12,AppA,CRITICAL,Sample log message
2024-12-17 22:08:55,AppD,CRITICAL,Anomalous behavior detected
2024-12-17 22:14:57,AppB,WARNING,Sample log message
2024-12-17 22:15:16,AppA,ERROR,Sample log message
2024-12-17 22:16:11,AppE,WARNING,Sample log message
2024-12-17 22:18:12,AppC,CRITICAL,Anomalous behavior detected
2024-12-17 22:20:27,AppE,INFO,Sample log message
2024-12-17 22:21:13,AppD,CRITICAL,Anomalous behavior detected
2024-12-17 22:21:37,AppC,CRITICAL,Anomalous behavior detected
2024-12-17 22:22:42,AppB,ERROR,Sample log message
2024-12-17 22:25:30,AppC,ERROR,Sample log message
2024-12-17 22:25:31,AppA,WARNING,Sample log message
2024-12-17 22:26:15,AppB,INFO,Sample log message
2024-12-17 22:27:10,AppA,CRITICAL,Sample log message
2024-12-17 22:27:37,AppC,INFO,Sample log message
2024-12-17 22:30:48,AppA,ERROR,Sample log message
2024-12-17 22:32:31,AppC,CRITICAL,Anomalous behavior detected
2024-12-17 22:33:48,AppC,ERROR,Sample log message
2024-12-17 22:34:50,AppB,CRITICAL,Sample log message
2024-12-17 22:35:07,AppB,CRITICAL,Sample log message
2024-12-17 22:36:15,AppA,WARNING,Sample log message
2024-12-17 22:36:53,AppC,INFO,Sample log message
2024-12-17 22:38:02,AppC,ERROR,Sample log message
2024-12-17 22:39:43,AppE,ERROR,Sample log message
2024-12-17 22:41:43,AppB,INFO,Sample log message
2024-12-17 22:46:48,AppB,ERROR,Sample log message
2024-12-17 22:48:42,AppD,CRITICAL,Anomalous behavior detected
2024-12-17 22:48:42,AppD,WARNING,Sample log message
2024-12-17 22:49:25,AppA,CRITICAL,Sample log message
2024-12-17 22:49:29,AppD,CRITICAL,Anomalous behavior detected
2024-12-17 22:50:01,AppE,WARNING,Sample log message
2024-12-17 22:51:35,AppC,ERROR,Sample log message
2024-12-17 22:51:38,AppC,CRITICAL,Anomalous behavior detected
2024-12-17 22:58:15,AppD,ERROR,Sample log message
2024-12-17 22:58:55,AppC,INFO,Sample log message
2024-12-17 23:00:02,AppB,WARNING,Sample log message
2024-12-17 23:00:16,AppC,WARNING,Sample log message
2024-12-17 23:01:08,AppB,INFO,Sample log message
2024-12-17 23:03:43,AppB,INFO,Sample log message
2024-12-17 23:04:25,AppB,INFO,Sample log message
2024-12-17 23:04:54,AppE,INFO,Sample log message
2024-12-17 23:06:50,AppE,ERROR,Sample log message
2024-12-17 23:07:46,AppE,ERROR,Sample log message
2024-12-17 23:10:59,AppB,ERROR,Sample log message
2024-12-17 23:11:12,AppC,WARNING,Sample log message
2024-12-17 23:11:24,AppE,CRITICAL,Sample log message
2024-12-17 23:11:28,AppC,INFO,Sample log message
2024-12-17 23:13:38,AppA,CRITICAL,Sample log message
2024-12-17 23:14:53,AppC,CRITICAL,Sample log message
2024-12-17 23:15:22,AppD,INFO,Sample log message
2024-12-17 23:16:27,AppE,CRITICAL,Sample log message
2024-12-17 23:16:40,AppD,INFO,Sample log message
2024-12-17 23:16:46,AppD,ERROR,Sample log message
2024-12-17 23:18:36,AppC,ERROR,Sample log message
2024-12-17 23:20:04,AppC,CRITICAL,Sample log message
2024-12-17 23:20:59,AppB,INFO,Sample log message
2024-12-17 23:24:08,AppA,CRITICAL,Sample log message
2024-12-17 23:24:38,AppE,CRITICAL,Sample log message
2024-12-17 23:26:06,AppC,WARNING,Sample log message
2024-12-17 23:30:07,AppD,CRITICAL,Anomalous behavior detected
2024-12-17 23:31:45,AppB,INFO,Sample log message
2024-12-17 23:33:54,AppE,CRITICAL,Sample log message
2024-12-17 23:34:00,AppC,WARNING,Sample log message
2024-12-17 23:41:53,AppE,CRITICAL,Sample log message
2024-12-17 23:42:25,AppC,ERROR,Sample log message
2024-12-17 23:44:15,AppB,INFO,Sample log message
2024-12-17 23:47:04,AppA,CRITICAL,Sample log message
2024-12-17 23:47:43,AppA,CRITICAL,Sample log message
2024-12-17 23:49:45,AppE,ERROR,Sample log message
2024-12-17 23:50:29,AppD,WARNING,Sample log message
2024-12-17 23:53:23,AppC,CRITICAL,Sample log message
2024-12-17 23:54:38,AppB,WARNING,Sample log message
2024-12-17 23:55:48,AppC,WARNING,Sample log message
2024-12-17 23:56:30,AppD,CRITICAL,Sample log message
2024-12-17 23:57:59,AppE,WARNING,Sample log message
2024-12-17 23:58:36,AppC,ERROR,Sample log message
2024-12-18 00:00:54,AppB,ERROR,Sample log message
2024-12-18 00:01:52,AppC,INFO,Sample log message
2024-12-18 00:02:47,AppC,INFO,Sample log message
2024-12-18 00:04:39,AppD,CRITICAL,Anomalous behavior detected
2024-12-18 00:05:31,AppA,CRITICAL,Sample log message
2024-12-18 00:06:04,AppC,ERROR,Sample log message
2024-12-18 00:08:48,AppC,INFO,Sample log message
2024-12-18 00:09:37,AppD,WARNING,Sample log message
2024-12-18 00:10:34,AppC,CRITICAL,Sample log message
2024-12-18 00:11:15,AppA,INFO,Sample log message
2024-12-18 00:11:25,AppC,INFO,Sample log message
2024-12-18 00:11:45,AppE,ERROR,Sample log message
2024-12-18 00:12:47,AppB,WARNING,Sample log message
2024-12-18 00:13:53,AppE,WARNING,Sample log message
2024-12-18 00:14:07,AppE,ERROR,Sample log message
2024-12-18 00:17:18,AppD,CRITICAL,Sample log message
2024-12-18 00:17:32,AppA,INFO,Sample log message
2024-12-18 00:18:33,AppE,INFO,Sample log message
2024-12-18 00:18:56,AppC,ERROR,Sample log message
2024-12-18 00:22:54,AppD,CRITICAL,Sample log message
2024-12-18 00:24:47,AppC,ERROR,Sample log message
2024-12-18 00:25:18,AppD,CRITICAL,Anomalous behavior detected
2024-12-18 00:25:38,AppA,WARNING,Sample log message
2024-12-18 00:28:00,AppE,WARNING,Sample log message
2024-12-18 00:28:34,AppC,CRITICAL,Anomalous behavior detected
2024-12-18 00:31:09,AppC,WARNING,Sample log message
2024-12-18 00:32:20,AppD,INFO,Sample log message
2024-12-18 00:33:00,AppE,WARNING,Sample log message
2024-12-18 00:40:25,AppD,CRITICAL,Sample log message
2024-12-18 00:41:20,AppA,WARNING,Sample log message
2024-12-18 00:43:20,AppA,ERROR,Sample log message
2024-12-18 00:43:46,AppC,CRITICAL,Sample log message
2024-12-18 00:44:42,AppB,ERROR,Sample log message
2024-12-18 00:46:31,AppB,CRITICAL,Sample log message
2024-12-18 00:48:28,AppB,CRITICAL,Sample log message
2024-12-18 00:48:47,AppC,CRITICAL,Anomalous behavior detected
2024-12-18 00:50:26,AppD,CRITICAL,Sample log message
2024-12-18 00:51:17,AppA,WARNING,Sample log message
2024-12-18 00:53:41,AppC,INFO,Sample log message
2024-12-18 00:55:38,AppA,INFO,Sample log message
2024-12-18 00:57:45,AppB,WARNING,Sample log message
2024-12-18 00:57:48,AppD,CRITICAL,Sample log message
2024-12-18 00:58:40,AppA,CRITICAL,Sample log message
2024-12-18 00:59:41,AppA,WARNING,Sample log message
2024-12-18 00:59:51,AppB,INFO,Sample log message
2024-12-18 01:00:59,AppB,CRITICAL,Sample log message
2024-12-18 01:03:18,AppC,ERROR,Sample log message
2024-12-18 01:06:29,AppB,CRITICAL,Sample log message
2024-12-18 01:08:51,AppB,INFO,Sample log message
2024-12-18 01:08:59,AppC,WARNING,Sample log message
2024-12-18 01:09:32,AppD,ERROR,Sample log message
2024-12-18 01:11:02,AppB,INFO,Sample log message
2024-12-18 01:13:46,AppE,CRITICAL,Sample log message
2024-12-18 01:13:55,AppD,CRITICAL,Anomalous behavior detected
2024-12-18 01:14:38,AppD,ERROR,Sample log message
2024-12-18 01:17:45,AppA,WARNING,Sample log message
2024-12-18 01:19:15,AppC,CRITICAL,Anomalous behavior detected
2024-12-18 01:22:18,AppD,WARNING,Sample log message
2024-12-18 01:22:31,AppC,WARNING,Sample log message
2024-12-18 01:27:06,AppD,CRITICAL,Sample log message
2024-12-18 01:30:24,AppC,WARNING,Sample log message
2024-12-18 01:31:30,AppB,WARNING,Sample log message
2024-12-18 01:32:11,AppD,INFO,Sample log message
2024-12-18 01:36:52,AppD,INFO,Sample log message
2024-12-18 01:41:07,AppE,ERROR,Sample log message
2024-12-18 01:41:43,AppC,INFO,Sample log message
2024-12-18 01:44:48,AppD,WARNING,Sample log message
2024-12-18 01:45:18,AppE,WARNING,Sample log message
2024-12-18 01:45:22,AppD,CRITICAL,Sample log message
2024-12-18 01:45:55,AppD,INFO,Sample log message
2024-12-18 01:47:34,AppE,CRITICAL,Sample log message
2024-12-18 01:47:43,AppE,INFO,Sample log message
2024-12-18 01:48:13,AppA,CRITICAL,Sample log message
2024-12-18 01:52:47,AppE,INFO,Sample log message
2024-12-18 01:53:31,AppD,INFO,Sample log message
2024-12-18 01:54:18,AppE,INFO,Sample log message
2024-12-18 01:54:26,AppD,WARNING,Sample log message
2024-12-18 01:55:53,AppA,CRITICAL,Sample log message
2024-12-18 01:57:27,AppE,CRITICAL,Sample log message
2024-12-18 01:58:06,AppB,ERROR,Sample log message
2024-12-18 01:59:17,AppB,INFO,Sample log message
2024-12-18 02:00:22,AppB,INFO,Sample log message
2024-12-18 02:00:25,AppC,CRITICAL,Anomalous behavior detected
2024-12-18 02:00:26,AppD,CRITICAL,Sample log message
2024-12-18 02:04:22,AppC,INFO,Sample log message
2024-12-18 02:05:40,AppD,INFO,Sample log message
2024-12-18 02:05:42,AppA,WARNING,Sample log message
2024-12-18 02:05:44,AppE,INFO,Sample log message
2024-12-18 02:06:36,AppC,CRITICAL,Sample log message
2024-12-18 02:08:27,AppD,WARNING,Sample log message
2024-12-18 02:10:15,AppC,CRITICAL,Sample log message
2024-12-18 02:11:13,AppA,CRITICAL,Sample log message
2024-12-18 02:13:38,AppA,INFO,Sample log message
2024-12-18 02:14:32,AppE,INFO,Sample log message
2024-12-18 02:14:48,AppE,INFO,Sample log message
2024-12-18 02:14:57,AppC,WARNING,Sample log message
2024-12-18 02:15:58,AppE,INFO,Sample log message
2024-12-18 02:16:36,AppD,CRITICAL,Anomalous behavior detected
2024-12-18 02:17:11,AppD,CRITICAL,Anomalous behavior detected
2024-12-18 02:18:10,AppE,INFO,Sample log message
2024-12-18 02:19:43,AppC,CRITICAL,Sample log message
2024-12-18 02:20:02,AppA,CRITICAL,Sample log message
2024-12-18 02:21:06,AppE,ERROR,Sample log message
2024-12-18 02:21:53,AppC,INFO,Sample log message
2024-12-18 02:22:41,AppA,INFO,Sample log message
2024-12-18 02:24:31,AppE,WARNING,Sample log message
2024-12-18 02:25:49,AppD,CRITICAL,Sample log message
2024-12-18 02:29:29,AppD,INFO,Sample log message
2024-12-18 02:29:48,AppC,ERROR,Sample log message
2024-12-18 02:31:38,AppA,CRITICAL,Sample log message
2024-12-18 02:34:01,AppA,ERROR,Sample log message
2024-12-18 02:34:44,AppB,INFO,Sample log message
2024-12-18 02:35:27,AppC,INFO,Sample log message
2024-12-18 02:36:26,AppC,CRITICAL,Sample log message
2024-12-18 02:38:37,AppD,ERROR,Sample log message
2024-12-18 02:40:33,AppA,CRITICAL,Sample log message
2024-12-18 02:41:26,AppD,CRITICAL,Anomalous behavior detected
2024-12-18 02:42:38,AppD,ERROR,Sample log message
2024-12-18 02:42:56,AppD,ERROR,Sample log message
2024-12-18 02:46:37,AppE,CRITICAL,Sample log message
2024-12-18 02:49:22,AppD,INFO,Sample log message
2024-12-18 02:53:59,AppB,WARNING,Sample log message
2024-12-18 02:54:05,AppD,ERROR,Sample log message
2024-12-18 02:58:38,AppD,WARNING,Sample log message
2024-12-18 02:59:14,AppB,INFO,Sample log message
2024-12-18 02:59:32,AppB,WARNING,Sample log message
2024-12-18 02:59:56,AppD,WARNING,Sample log message
2024-12-18 03:03:12,AppB,ERROR,Sample log message
2024-12-18 03:04:43,AppC,INFO,Sample log message
2024-12-18 03:04:44,AppC,CRITICAL,Sample log message
2024-12-18 03:07:38,AppE,ERROR,Sample log message
2024-12-18 03:12:05,AppE,INFO,Sample log message
2024-12-18 03:12:12,AppB,ERROR,Sample log message
2024-12-18 03:12:58,AppE,CRITICAL,Sample log message
2024-12-18 03:14:33,AppC,CRITICAL,Anomalous behavior detected
2024-12-18 03:16:05,AppE,CRITICAL,Sample log message
2024-12-18 03:16:58,AppB,CRITICAL,Sample log message
2024-12-18 03:18:06,AppC,WARNING,Sample log message
2024-12-18 03:19:18,AppC,CRITICAL,Sample log message
2024-12-18 03:19:26,AppE,WARNING,Sample log message
2024-12-18 03:19:36,AppC,CRITICAL,Anomalous behavior detected
2024-12-18 03:21:07,AppB,WARNING,Sample log message
2024-12-18 03:21:17,AppA,ERROR,Sample log message
2024-12-18 03:23:12,AppE,ERROR,Sample log message
2024-12-18 03:25:06,AppB,CRITICAL,Sample log message
2024-12-18 03:25:17,AppA,ERROR,Sample log message
2024-12-18 03:28:47,AppA,ERROR,Sample log message
2024-12-18 03:28:59,AppC,CRITICAL,Anomalous behavior detected
2024-12-18 03:30:03,AppC,WARNING,Sample log message
2024-12-18 03:30:13,AppE,CRITICAL,Sample log message
2024-12-18 03:30:45,AppD,CRITICAL,Anomalous behavior detected
2024-12-18 03:30:48,AppC,INFO,Sample log message
2024-12-18 03:31:26,AppE,CRITICAL,Sample log message
2024-12-18 03:31:43,AppE,CRITICAL,Sample log message
2024-12-18 03:32:12,AppC,CRITICAL,Anomalous behavior detected
2024-12-18 03:32:36,AppB,WARNING,Sample log message
2024-12-18 03:35:04,AppC,INFO,Sample log message
2024-12-18 03:36:58,AppC,WARNING,Sample log message
2024-12-18 03:37:12,AppE,CRITICAL,Sample log message
2024-12-18 03:37:45,AppC,CRITICAL,Anomalous behavior detected
2024-12-18 03:40:39,AppA,CRITICAL,Sample log message
2024-12-18 03:40:53,AppD,CRITICAL,Sample log message
2024-12-18 03:41:21,AppB,CRITICAL,Sample log message
2024-12-18 03:46:26,AppD,CRITICAL,Sample log message
2024-12-18 03:54:30,AppA,CRITICAL,Sample log message
2024-12-18 03:54:31,AppC,WARNING,Sample log message
2024-12-18 03:56:24,AppB,ERROR,Sample log message
2024-12-18 03:56:34,AppD,ERROR,Sample log message
2024-12-18 03:59:35,AppB,ERROR,Sample log message
2024-12-18 04:00:32,AppA,WARNING,Sample log message
2024-12-18 04:01:09,AppC,WARNING,Sample log message
2024-12-18 04:02:37,AppD,CRITICAL,Anomalous behavior detected
2024-12-18 04:03:25,AppB,ERROR,Sample log message
2024-12-18 04:05:58,AppB,ERROR,Sample log message
2024-12-18 04:07:57,AppA,CRITICAL,Sample log message
2024-12-18 04:11:01,AppA,CRITICAL,Sample log message
2024-12-18 04:11:49,AppA,CRITICAL,Sample log message
2024-12-18 04:11:51,AppD,CRITICAL,Anomalous behavior detected
2024-12-18 04:12:51,AppB,INFO,Sample log message
2024-12-18 04:14:49,AppA,CRITICAL,Sample log message
2024-12-18 04:17:22,AppA,ERROR,Sample log message
2024-12-18 04:18:24,AppA,INFO,Sample log message
2024-12-18 04:18:52,AppD,ERROR,Sample log message
2024-12-18 04:21:07,AppC,INFO,Sample log message
2024-12-18 04:21:57,AppB,WARNING,Sample log message
2024-12-18 04:24:25,AppE,INFO,Sample log message
2024-12-18 04:24:52,AppB,CRITICAL,Sample log message
2024-12-18 04:28:31,AppB,INFO,Sample log message
2024-12-18 04:30:37,AppB,WARNING,Sample log message
2024-12-18 04:33:22,AppE,WARNING,Sample log message
2024-12-18 04:37:26,AppE,ERROR,Sample log message
2024-12-18 04:37:58,AppB,WARNING,Sample log message
2024-12-18 04:41:15,AppE,INFO,Sample log message
2024-12-18 04:42:28,AppC,WARNING,Sample log message
2024-12-18 04:45:38,AppD,WARNING,Sample log message
2024-12-18 04:47:34,AppA,INFO,Sample log message
2024-12-18 04:47:39,AppD,INFO,Sample log message
2024-12-18 04:47:44,AppA,ERROR,Sample log message
2024-12-18 04:47:47,AppE,CRITICAL,Sample log message
2024-12-18 04:47:52,AppD,WARNING,Sample log message
2024-12-18 04:49:13,AppC,CRITICAL,Sample log message
2024-12-18 04:49:57,AppA,INFO,Sample log message
2024-12-18 04:50:04,AppD,INFO,Sample log message
2024-12-18 04:51:20,AppD,CRITICAL,Sample log message
2024-12-18 04:52:24,AppC,INFO,Sample log message
2024-12-18 04:54:50,AppD,CRITICAL,Sample log message
2024-12-18 04:55:04,AppB,ERROR,Sample log message
2024-12-18 04:56:30,AppE,ERROR,Sample log message
2024-12-18 04:58:31,AppC,WARNING,Sample log message
2024-12-18 04:59:08,AppD,CRITICAL,Sample log message
2024-12-18 05:00:08,AppD,CRITICAL,Anomalous behavior detected
2024-12-18 05:01:37,AppD,ERROR,Sample log message
2024-12-18 05:02:48,AppB,CRITICAL,Sample log message
2024-12-18 05:05:24,AppA,INFO,Sample log message
2024-12-18 05:05:59,AppA,CRITICAL,Sample log message
2024-12-18 05:07:30,AppD,ERROR,Sample log message
2024-12-18 05:08:12,AppA,CRITICAL,Sample log message
2024-12-18 05:09:40,AppB,INFO,Sample log message
2024-12-18 05:10:35,AppA,ERROR,Sample log message
2024-12-18 05:12:13,AppA,ERROR,Sample log message
2024-12-18 05:13:37,AppA,ERROR,Sample log message
2024-12-18 05:13:57,AppA,INFO,Sample log message
2024-12-18 05:15:32,AppA,INFO,Sample log message
2024-12-18 05:15:59,AppC,INFO,Sample log message
2024-12-18 05:18:03,AppC,WARNING,Sample log message
2024-12-18 05:18:10,AppA,WARNING,Sample log message
2024-12-18 05:18:20,AppC,INFO,Sample log message
2024-12-18 05:19:24,AppD,CRITICAL,Sample log message
2024-12-18 05:19:30,AppE,CRITICAL,Sample log message
2024-12-18 05:24:29,AppA,ERROR,Sample log message
2024-12-18 05:24:41,AppD,CRITICAL,Sample log message
2024-12-18 05:24:56,AppD,WARNING,Sample log message
2024-12-18 05:25:13,AppD,INFO,Sample log message
2024-12-18 05:25:44,AppA,CRITICAL,Sample log message
2024-12-18 05:27:07,AppB,ERROR,Sample log message
2024-12-18 05:28:28,AppC,CRITICAL,Sample log message
2024-12-18 05:29:45,AppC,CRITICAL,Sample log message
2024-12-18 05:30:24,AppE,CRITICAL,Sample log message
2024-12-18 05:31:52,AppD,WARNING,Sample log message
2024-12-18 05:34:42,AppA,INFO,Sample log message
2024-12-18 05:34:53,AppE,CRITICAL,Sample log message
2024-12-18 05:36:29,AppB,INFO,Sample log message
2024-12-18 05:36:36,AppD,WARNING,Sample log message
2024-12-18 05:40:58,AppE,WARNING,Sample log message
2024-12-18 05:44:04,AppC,INFO,Sample log message
2024-12-18 05:45:32,AppB,INFO,Sample log message
2024-12-18 05:45:55,AppD,WARNING,Sample log message
2024-12-18 05:45:59,AppE,WARNING,Sample log message
2024-12-18 05:50:30,AppB,INFO,Sample log message
2024-12-18 05:52:14,AppB,ERROR,Sample log message
2024-12-18 05:53:41,AppB,ERROR,Sample log message
2024-12-18 05:56:11,AppC,ERROR,Sample log message
2024-12-18 05:57:07,AppE,INFO,Sample log message
2024-12-18 05:57:20,AppE,ERROR,Sample log message
2024-12-18 05:58:03,AppC,INFO,Sample log message
2024-12-18 05:59:09,AppA,ERROR,Sample log message
2024-12-18 06:00:25,AppD,WARNING,Sample log message
2024-12-18 06:01:03,AppE,ERROR,Sample log message
2024-12-18 06:01:12,AppD,WARNING,Sample log message
2024-12-18 06:03:44,AppA,CRITICAL,Sample log message
2024-12-18 06:07:24,AppB,CRITICAL,Sample log message
2024-12-18 06:08:58,AppE,WARNING,Sample log message
2024-12-18 06:09:12,AppA,ERROR,Sample log message
2024-12-18 06:12:06,AppA,CRITICAL,Sample log message
2024-12-18 06:14:14,AppC,INFO,Sample log message
2024-12-18 06:16:17,AppD,INFO,Sample log message
2024-12-18 06:16:34,AppD,WARNING,Sample log message
2024-12-18 06:18:13,AppB,CRITICAL,Sample log message
2024-12-18 06:18:28,AppC,ERROR,Sample log message
2024-12-18 06:20:59,AppD,CRITICAL,Sample log message
2024-12-18 06:24:50,AppE,CRITICAL,Sample log message
2024-12-18 06:26:49,AppD,CRITICAL,Sample log message
2024-12-18 06:27:01,AppD,ERROR,Sample log message
2024-12-18 06:27:35,AppD,CRITICAL,Sample log message
2024-12-18 06:28:06,AppC,WARNING,Sample log message
2024-12-18 06:28:42,AppE,CRITICAL,Sample log message
2024-12-18 06:29:11,AppD,INFO,Sample log message
2024-12-18 06:34:07,AppB,INFO,Sample log message
2024-12-18 06:37:16,AppD,CRITICAL,Sample log message
2024-12-18 06:40:23,AppB,INFO,Sample log message
2024-12-18 06:40:30,AppC,INFO,Sample log message
2024-12-18 06:44:54,AppB,ERROR,Sample log message
2024-12-18 06:46:17,AppD,WARNING,Sample log message
2024-12-18 06:46:51,AppC,CRITICAL,Sample log message
2024-12-18 06:47:04,AppC,INFO,Sample log message
2024-12-18 06:49:28,AppD,ERROR,Sample log message
2024-12-18 06:49:54,AppE,INFO,Sample log message
2024-12-18 06:51:45,AppC,CRITICAL,Sample log message
2024-12-18 06:58:56,AppA,ERROR,Sample log message
2024-12-18 06:59:46,AppD,ERROR,Sample log message
2024-12-18 07:00:05,AppE,WARNING,Sample log message
2024-12-18 07:02:21,AppD,WARNING,Sample log message
2024-12-18 07:02:50,AppC,INFO,Sample log message
2024-12-18 07:02:59,AppE,WARNING,Sample log message
2024-12-18 07:04:32,AppA,WARNING,Sample log message
2024-12-18 07:05:19,AppE,ERROR,Sample log message
2024-12-18 07:07:21,AppD,WARNING,Sample log message
2024-12-18 07:09:52,AppC,INFO,Sample log message
2024-12-18 07:10:00,AppC,CRITICAL,Sample log message
2024-12-18 07:12:45,AppA,ERROR,Sample log message
2024-12-18 07:20:38,AppE,INFO,Sample log message
2024-12-18 07:20:42,AppD,WARNING,Sample log message
2024-12-18 07:21:42,AppB,INFO,Sample log message
2024-12-18 07:21:46,AppD,ERROR,Sample log message
2024-12-18 07:21:46,AppC,INFO,Sample log message
2024-12-18 07:22:52,AppC,ERROR,Sample log message
2024-12-18 07:23:27,AppA,CRITICAL,Sample log message
2024-12-18 07:23:59,AppB,ERROR,Sample log message
2024-12-18 07:28:15,AppA,WARNING,Sample log message
2024-12-18 07:29:19,AppA,CRITICAL,Sample log message
2024-12-18 07:30:23,AppC,ERROR,Sample log message
2024-12-18 07:32:00,AppE,ERROR,Sample log message
2024-12-18 07:32:49,AppE,WARNING,Sample log message
2024-12-18 07:36:09,AppD,ERROR,Sample log message
2024-12-18 07:36:10,AppB,ERROR,Sample log message
2024-12-18 07:38:15,AppB,INFO,Sample log message
2024-12-18 07:39:04,AppD,ERROR,Sample log message
2024-12-18 07:40:45,AppE,CRITICAL,Sample log message
2024-12-18 07:41:25,AppC,CRITICAL,Sample log message
2024-12-18 07:44:32,AppC,INFO,Sample log message
2024-12-18 07:45:37,AppC,CRITICAL,Anomalous behavior detected
2024-12-18 07:48:27,AppA,WARNING,Sample log message
2024-12-18 07:51:54,AppB,ERROR,Sample log message
2024-12-18 07:52:14,AppC,CRITICAL,Anomalous behavior detected
2024-12-18 07:54:33,AppB,WARNING,Sample log message
2024-12-18 07:56:31,AppB,INFO,Sample log message
2024-12-18 07:57:14,AppC,CRITICAL,Anomalous behavior detected
2024-12-18 07:57:47,AppE,WARNING,Sample log message
2024-12-18 07:58:57,AppC,INFO,Sample log message
2024-12-18 07:59:25,AppD,ERROR,Sample log message
2024-12-18 07:59:34,AppE,CRITICAL,Sample log message
2024-12-18 08:01:16,AppD,ERROR,Sample log message
2024-12-18 08:01:24,AppD,CRITICAL,Anomalous behavior detected
2024-12-18 08:01:54,AppE,INFO,Sample log message
2024-12-18 08:04:27,AppB,CRITICAL,Sample log message
2024-12-18 08:06:08,AppC,INFO,Sample log message
2024-12-18 08:09:26,AppD,CRITICAL,Anomalous behavior detected
2024-12-18 08:10:11,AppE,WARNING,Sample log message
2024-12-18 08:12:09,AppD,CRITICAL,Anomalous behavior detected
2024-12-18 08:12:40,AppB,WARNING,Sample log message
2024-12-18 08:13:52,AppA,WARNING,Sample log message
2024-12-18 08:14:30,AppD,ERROR,Sample log message
2024-12-18 08:14:56,AppE,ERROR,Sample log message
2024-12-18 08:18:04,AppA,INFO,Sample log message
2024-12-18 08:23:05,AppE,ERROR,Sample log message
2024-12-18 08:23:08,AppE,INFO,Sample log message
2024-12-18 08:23:42,AppB,INFO,Sample log message
2024-12-18 08:24:06,AppC,INFO,Sample log message
2024-12-18 08:24:18,AppE,CRITICAL,Sample log message
2024-12-18 08:26:33,AppB,ERROR,Sample log message
2024-12-18 08:28:14,AppA,CRITICAL,Sample log message
2024-12-18 08:29:08,AppC,WARNING,Sample log message
2024-12-18 08:29:12,AppB,ERROR,Sample log message
2024-12-18 08:29:23,AppA,CRITICAL,Sample log message
2024-12-18 08:29:49,AppE,INFO,Sample log message
2024-12-18 08:34:01,AppC,ERROR,Sample log message
2024-12-18 08:35:19,AppB,ERROR,Sample log message
2024-12-18 08:36:33,AppC,ERROR,Sample log message
2024-12-18 08:38:18,AppC,CRITICAL,Sample log message
2024-12-18 08:39:02,AppE,CRITICAL,Sample log message
2024-12-18 08:39:16,AppC,ERROR,Sample log message
2024-12-18 08:40:31,AppA,CRITICAL,Sample log message
2024-12-18 08:41:24,AppD,INFO,Sample log message
2024-12-18 08:44:24,AppD,CRITICAL,Anomalous behavior detected
2024-12-18 08:49:41,AppD,ERROR,Sample log message
2024-12-18 08:50:24,AppA,INFO,Sample log message
2024-12-18 08:52:08,AppA,CRITICAL,Sample log message
2024-12-18 08:52:45,AppC,CRITICAL,Anomalous behavior detected
2024-12-18 08:53:49,AppA,WARNING,Sample log message
2024-12-18 08:56:23,AppD,INFO,Sample log message
2024-12-18 08:56:39,AppC,ERROR,Sample log message
2024-12-18 08:57:41,AppD,CRITICAL,Anomalous behavior detected
2024-12-18 08:58:03,AppD,ERROR,Sample log message
2024-12-18 08:58:49,AppD,ERROR,Sample log message
2024-12-18 08:59:39,AppC,CRITICAL,Sample log message
2024-12-18 09:00:29,AppA,WARNING,Sample log message
2024-12-18 09:01:15,AppE,INFO,Sample log message
2024-12-18 09:02:31,AppE,ERROR,Sample log message
2024-12-18 09:09:16,AppB,ERROR,Sample log message
2024-12-18 09:09:52,AppB,CRITICAL,Sample log message
2024-12-18 09:10:11,AppD,INFO,Sample log message
2024-12-18 09:12:31,AppB,CRITICAL,Sample log message
2024-12-18 09:15:13,AppE,CRITICAL,Sample log message
2024-12-18 09:16:17,AppA,WARNING,Sample log message
2024-12-18 09:16:28,AppD,CRITICAL,Anomalous behavior detected
2024-12-18 09:18:56,AppD,ERROR,Sample log message
2024-12-18 09:19:11,AppB,INFO,Sample log message
2024-12-18 09:19:27,AppA,CRITICAL,Sample log message
2024-12-18 09:20:32,AppE,ERROR,Sample log message
2024-12-18 09:22:59,AppB,CRITICAL,Sample log message
2024-12-18 09:25:31,AppB,CRITICAL,Sample log message
2024-12-18 09:28:27,AppB,INFO,Sample log message
2024-12-18 09:29:28,AppD,CRITICAL,Sample log message
2024-12-18 09:30:10,AppB,ERROR,Sample log message
2024-12-18 09:30:26,AppC,CRITICAL,Sample log message
2024-12-18 09:35:01,AppC,CRITICAL,Anomalous behavior detected
2024-12-18 09:35:44,AppA,ERROR,Sample log message
2024-12-18 09:36:00,AppB,ERROR,Sample log message
2024-12-18 09:36:40,AppE,INFO,Sample log message
2024-12-18 09:37:00,AppC,INFO,Sample log message
2024-12-18 09:38:07,AppD,ERROR,Sample log message
2024-12-18 09:39:18,AppD,ERROR,Sample log message
2024-12-18 09:41:38,AppE,CRITICAL,Sample log message
2024-12-18 09:43:21,AppA,INFO,Sample log message
2024-12-18 09:43:24,AppD,WARNING,Sample log message
2024-12-18 09:43:31,AppC,INFO,Sample log message
2024-12-18 09:47:51,AppB,ERROR,Sample log message
2024-12-18 09:48:01,AppE,WARNING,Sample log message
2024-12-18 09:48:53,AppD,CRITICAL,Anomalous behavior detected
2024-12-18 09:52:30,AppC,INFO,Sample log message
2024-12-18 09:55:03,AppC,CRITICAL,Sample log message
2024-12-18 09:55:27,AppC,WARNING,Sample log message
2024-12-18 09:55:43,AppD,CRITICAL,Anomalous behavior detected
2024-12-18 09:56:33,AppC,CRITICAL,Anomalous behavior detected
2024-12-18 09:56:38,AppC,ERROR,Sample log message
2024-12-18 09:56:59,AppE,INFO,Sample log message
2024-12-18 09:58:15,AppC,WARNING,Sample log message
2024-12-18 09:59:49,AppB,INFO,Sample log message
2024-12-18 10:01:43,AppA,WARNING,Sample log message
2024-12-18 10:02:44,AppE,ERROR,Sample log message
2024-12-18 10:04:28,AppD,CRITICAL,Sample log message
2024-12-18 10:07:26,AppC,CRITICAL,Anomalous behavior detected
2024-12-18 10:08:27,AppA,INFO,Sample log message
2024-12-18 10:09:28,AppB,ERROR,Sample log message
2024-12-18 10:09:46,AppE,ERROR,Sample log message
2024-12-18 10:09:49,AppD,INFO,Sample log message
2024-12-18 10:10:00,AppD,INFO,Sample log message
2024-12-18 10:11:13,AppB,INFO,Sample log message
2024-12-18 10:13:43,AppA,INFO,Sample log message
2024-12-18 10:14:21,AppE,CRITICAL,Sample log message
2024-12-18 10:14:28,AppB,ERROR,Sample log message
2024-12-18 10:16:39,AppC,CRITICAL,Anomalous behavior detected
2024-12-18 10:16:39,AppC,ERROR,Sample log message
2024-12-18 10:17:27,AppA,INFO,Sample log message
2024-12-18 10:18:12,AppD,CRITICAL,Sample log message
2024-12-18 10:18:53,AppB,CRITICAL,Sample log message
2024-12-18 10:22:15,AppA,WARNING,Sample log message
2024-12-18 10:24:57,AppD,CRITICAL,Anomalous behavior detected
2024-12-18 10:26:12,AppD,CRITICAL,Anomalous behavior detected
2024-12-18 10:29:47,AppB,ERROR,Sample log message
2024-12-18 10:30:39,AppE,WARNING,Sample log message
2024-12-18 10:30:42,AppD,WARNING,Sample log message
2024-12-18 10:31:54,AppE,INFO,Sample log message
2024-12-18 10:33:23,AppA,WARNING,Sample log message
2024-12-18 10:36:26,AppE,CRITICAL,Sample log message
2024-12-18 10:38:21,AppD,ERROR,Sample log message
2024-12-18 10:38:41,AppB,INFO,Sample log message
2024-12-18 10:39:51,AppA,CRITICAL,Sample log message
2024-12-18 10:40:56,AppE,ERROR,Sample log message
2024-12-18 10:42:36,AppC,CRITICAL,Sample log message
2024-12-18 10:44:03,AppC,CRITICAL,Anomalous behavior detected
2024-12-18 10:44:56,AppC,CRITICAL,Sample log message
2024-12-18 10:45:18,AppA,CRITICAL,Sample log message
2024-12-18 10:45:34,AppC,INFO,Sample log message
2024-12-18 10:46:26,AppC,ERROR,Sample log message
2024-12-18 10:48:20,AppB,CRITICAL,Sample log message
2024-12-18 10:49:49,AppA,CRITICAL,Sample log message
2024-12-18 10:52:31,AppB,ERROR,Sample log message
2024-12-18 10:52:49,AppA,WARNING,Sample log message
2024-12-18 10:53:05,AppC,INFO,Sample log message
2024-12-18 10:53:24,AppD,CRITICAL,Anomalous behavior detected
2024-12-18 10:55:34,AppC,ERROR,Sample log message
2024-12-18 10:57:26,AppD,CRITICAL,Anomalous behavior detected
2024-12-18 11:01:49,AppE,WARNING,Sample log message
2024-12-18 11:04:01,AppC,INFO,Sample log message
2024-12-18 11:04:12,AppD,WARNING,Sample log message
2024-12-18 11:04:51,AppE,ERROR,Sample log message
2024-12-18 11:05:48,AppC,INFO,Sample log message
2024-12-18 11:07:03,AppB,CRITICAL,Sample log message
2024-12-18 11:09:11,AppE,WARNING,Sample log message
2024-12-18 11:17:54,AppB,WARNING,Sample log message
2024-12-18 11:19:38,AppC,INFO,Sample log message
2024-12-18 11:19:39,AppC,CRITICAL,Sample log message
2024-12-18 11:20:58,AppD,WARNING,Sample log message
2024-12-18 11:23:08,AppA,ERROR,Sample log message
2024-12-18 11:24:04,AppB,INFO,Sample log message
2024-12-18 11:25:23,AppE,INFO,Sample log message
2024-12-18 11:26:12,AppD,CRITICAL,Sample log message
2024-12-18 11:26:42,AppB,CRITICAL,Sample log message
2024-12-18 11:28:22,AppB,WARNING,Sample log message
2024-12-18 11:30:50,AppA,INFO,Sample log message
2024-12-18 11:32:06,AppD,CRITICAL,Anomalous behavior detected
2024-12-18 11:33:04,AppD,INFO,Sample log message
2024-12-18 11:33:26,AppE,CRITICAL,Sample log message
2024-12-18 11:33:58,AppB,WARNING,Sample log message
2024-12-18 11:39:19,AppE,CRITICAL,Sample log message
2024-12-18 11:41:22,AppD,CRITICAL,Anomalous behavior detected
2024-12-18 11:45:07,AppB,WARNING,Sample log message
2024-12-18 11:45:15,AppB,ERROR,Sample log message
2024-12-18 11:46:37,AppC,ERROR,Sample log message
2024-12-18 11:46:44,AppD,ERROR,Sample log message
2024-12-18 11:48:22,AppE,CRITICAL,Sample log message
2024-12-18 11:48:35,AppE,ERROR,Sample log message
2024-12-18 11:50:11,AppA,WARNING,Sample log message
2024-12-18 11:51:29,AppC,CRITICAL,Anomalous behavior detected
2024-12-18 11:52:35,AppD,ERROR,Sample log message
2024-12-18 11:54:22,AppA,INFO,Sample log message
2024-12-18 11:54:25,AppD,CRITICAL,Anomalous behavior detected
2024-12-18 11:54:48,AppA,CRITICAL,Sample log message
2024-12-18 11:56:05,AppA,WARNING,Sample log message
2024-12-18 11:56:50,AppE,INFO,Sample log message
2024-12-18 11:57:29,AppA,CRITICAL,Sample log message
2024-12-18 11:59:21,AppC,CRITICAL,Sample log message
2024-12-18 12:02:41,AppC,WARNING,Sample log message
2024-12-18 12:03:34,AppD,WARNING,Sample log message
2024-12-18 12:03:50,AppB,INFO,Sample log message
2024-12-18 12:08:18,AppB,CRITICAL,Sample log message
2024-12-18 12:08:34,AppB,CRITICAL,Sample log message
2024-12-18 12:09:15,AppC,CRITICAL,Sample log message
2024-12-18 12:11:05,AppC,CRITICAL,Anomalous behavior detected
2024-12-18 12:11:31,AppD,WARNING,Sample log message
2024-12-18 12:12:10,AppE,INFO,Sample log message
2024-12-18 12:14:12,AppB,WARNING,Sample log message
2024-12-18 12:16:43,AppC,INFO,Sample log message
2024-12-18 12:20:23,AppC,ERROR,Sample log message
2024-12-18 12:20:26,AppD,WARNING,Sample log message
2024-12-18 12:23:00,AppC,INFO,Sample log message
2024-12-18 12:23:17,AppE,INFO,Sample log message
2024-12-18 12:23:42,AppD,INFO,Sample log message
2024-12-18 12:32:36,AppB,WARNING,Sample log message
2024-12-18 12:37:02,AppD,INFO,Sample log message
2024-12-18 12:37:38,AppE,CRITICAL,Sample log message
2024-12-18 12:39:53,AppE,ERROR,Sample log message
2024-12-18 12:41:30,AppD,CRITICAL,Sample log message
2024-12-18 12:42:54,AppB,WARNING,Sample log message
2024-12-18 12:43:03,AppE,CRITICAL,Sample log message
2024-12-18 12:44:07,AppA,INFO,Sample log message
2024-12-18 12:46:13,AppC,ERROR,Sample log message
2024-12-18 12:47:45,AppA,CRITICAL,Sample log message
2024-12-18 12:48:38,AppC,INFO,Sample log message
2024-12-18 12:50:39,AppE,INFO,Sample log message
2024-12-18 12:52:10,AppC,CRITICAL,Anomalous behavior detected
2024-12-18 12:52:17,AppE,WARNING,Sample log message
2024-12-18 12:52:26,AppD,ERROR,Sample log message
2024-12-18 12:53:08,AppC,ERROR,Sample log message
2024-12-18 12:53:16,AppA,ERROR,Sample log message
2024-12-18 12:54:03,AppC,INFO,Sample log message
2024-12-18 12:54:29,AppC,CRITICAL,Sample log message
2024-12-18 12:54:35,AppC,INFO,Sample log message
2024-12-18 12:55:14,AppE,ERROR,Sample log message
2024-12-18 12:56:30,AppE,CRITICAL,Sample log message
2024-12-18 12:59:12,AppB,CRITICAL,Sample log message
2024-12-18 13:00:15,AppC,CRITICAL,Sample log message
2024-12-18 13:01:17,AppC,CRITICAL,Sample log message
2024-12-18 13:04:18,AppD,INFO,Sample log message
2024-12-18 13:07:09,AppC,CRITICAL,Anomalous behavior detected
2024-12-18 13:07:44,AppC,CRITICAL,Anomalous behavior detected
2024-12-18 13:08:04,AppD,ERROR,Sample log message
2024-12-18 13:08:55,AppC,ERROR,Sample log message
2024-12-18 13:12:39,AppD,CRITICAL,Sample log message
2024-12-18 13:16:05,AppB,ERROR,Sample log message
2024-12-18 13:17:18,AppE,CRITICAL,Sample log message
2024-12-18 13:18:41,AppC,CRITICAL,Anomalous behavior detected
2024-12-18 13:19:10,AppE,INFO,Sample log message
2024-12-18 13:21:38,AppA,ERROR,Sample log message
2024-12-18 13:21:48,AppA,CRITICAL,Sample log message
2024-12-18 13:22:08,AppA,INFO,Sample log message
2024-12-18 13:22:36,AppB,ERROR,Sample log message
2024-12-18 13:23:35,AppB,WARNING,Sample log message
2024-12-18 13:23:37,AppD,ERROR,Sample log message
2024-12-18 13:24:48,AppA,CRITICAL,Sample log message
2024-12-18 13:27:31,AppE,CRITICAL,Sample log message
2024-12-18 13:32:30,AppC,INFO,Sample log message
2024-12-18 13:33:03,AppE,ERROR,Sample log message
2024-12-18 13:33:44,AppA,WARNING,Sample log message
2024-12-18 13:33:51,AppD,WARNING,Sample log message
2024-12-18 13:35:00,AppA,INFO,Sample log message
2024-12-18 13:40:42,AppE,INFO,Sample log message
2024-12-18 13:41:26,AppD,ERROR,Sample log message
2024-12-18 13:41:33,AppA,ERROR,Sample log message
2024-12-18 13:42:47,AppC,WARNING,Sample log message
2024-12-18 13:43:11,AppB,ERROR,Sample log message
2024-12-18 13:44:43,AppD,INFO,Sample log message
2024-12-18 13:45:01,AppD,WARNING,Sample log message
2024-12-18 13:45:11,AppD,WARNING,Sample log message
2024-12-18 13:45:21,AppD,CRITICAL,Anomalous behavior detected
2024-12-18 13:45:31,AppB,ERROR,Sample log message
2024-12-18 13:46:45,AppD,CRITICAL,Anomalous behavior detected
2024-12-18 13:47:18,AppA,WARNING,Sample log message
2024-12-18 13:47:45,AppB,INFO,Sample log message
2024-12-18 13:48:59,AppD,ERROR,Sample log message
2024-12-18 13:52:12,AppB,CRITICAL,Sample log message
2024-12-18 13:56:04,AppA,WARNING,Sample log message
2024-12-18 13:56:15,AppD,ERROR,Sample log message
2024-12-18 13:56:29,AppB,ERROR,Sample log message
2024-12-18 13:57:31,AppC,ERROR,Sample log message
2024-12-18 13:57:52,AppA,ERROR,Sample log message
2024-12-18 13:58:17,AppB,INFO,Sample log message
2024-12-18 13:58:53,AppE,INFO,Sample log message
2024-12-18 14:02:05,AppD,WARNING,Sample log message
2024-12-18 14:03:23,AppC,ERROR,Sample log message
2024-12-18 14:04:15,AppE,ERROR,Sample log message
2024-12-18 14:07:05,AppC,CRITICAL,Anomalous behavior detected
2024-12-18 14:07:18,AppE,WARNING,Sample log message
2024-12-18 14:09:50,AppD,CRITICAL,Anomalous behavior detected
2024-12-18 14:11:58,AppA,INFO,Sample log message
2024-12-18 14:12:57,AppD,CRITICAL,Anomalous behavior detected
2024-12-18 14:13:31,AppB,CRITICAL,Sample log message
2024-12-18 14:14:56,AppD,ERROR,Sample log message
2024-12-18 14:14:57,AppB,CRITICAL,Sample log message
2024-12-18 14:16:21,AppC,ERROR,Sample log message
2024-12-18 14:17:48,AppE,WARNING,Sample log message
2024-12-18 14:18:41,AppA,WARNING,Sample log message
2024-12-18 14:21:50,AppB,ERROR,Sample log message
2024-12-18 14:22:46,AppB,WARNING,Sample log message
2024-12-18 14:24:58,AppD,INFO,Sample log message
2024-12-18 14:25:45,AppA,ERROR,Sample log message
2024-12-18 14:27:25,AppD,WARNING,Sample log message
2024-12-18 14:29:30,AppE,INFO,Sample log message
2024-12-18 14:29:32,AppE,ERROR,Sample log message
2024-12-18 14:32:28,AppA,CRITICAL,Sample log message
2024-12-18 14:34:02,AppE,WARNING,Sample log message
2024-12-18 14:34:39,AppC,ERROR,Sample log message
2024-12-18 14:35:04,AppC,ERROR,Sample log message
2024-12-18 14:39:15,AppC,ERROR,Sample log message
2024-12-18 14:40:19,AppA,CRITICAL,Sample log message
2024-12-18 14:40:42,AppC,CRITICAL,Sample log message
2024-12-18 14:41:34,AppC,INFO,Sample log message
2024-12-18 14:42:50,AppC,INFO,Sample log message
2024-12-18 14:45:22,AppD,CRITICAL,Anomalous behavior detected
2024-12-18 14:45:40,AppE,ERROR,Sample log message
2024-12-18 14:47:50,AppA,INFO,Sample log message
2024-12-18 14:52:04,AppB,CRITICAL,Sample log message
2024-12-18 14:52:08,AppC,ERROR,Sample log message
2024-12-18 14:54:25,AppB,CRITICAL,Sample log message
2024-12-18 14:55:21,AppA,INFO,Sample log message
2024-12-18 14:55:51,AppC,ERROR,Sample log message
2024-12-18 14:58:01,AppD,WARNING,Sample log message
