Timestamp,Event Type,Severity,Endpoint
2024-12-18 20:40:40,System Crash,Low,Endpoint_E
2024-12-18 02:41:57,Policy Violation,Low,Endpoint_C
2024-12-17 23:04:03,Login Attempt,Low,Endpoint_D
2024-12-18 16:01:50,Malware Detection,Low,Endpoint_E
2024-12-18 13:09:11,System Crash,Critical,Endpoint_C
2024-12-18 04:40:28,System Crash,Low,Endpoint_A
2024-12-18 16:57:21,Malware Detection,Medium,Endpoint_A
2024-12-18 05:17:21,Malware Detection,Low,Endpoint_A
2024-12-17 23:50:09,System Crash,Medium,Endpoint_B
2024-12-18 11:39:43,System Crash,Low,Endpoint_A
2024-12-18 01:29:21,Policy Violation,Low,Endpoint_C
2024-12-17 22:20:56,Data Exfiltration,High,Endpoint_B
2024-12-18 05:19:40,Policy Violation,Critical,Endpoint_B
2024-12-18 05:03:22,Login Attempt,Medium,Endpoint_A
2024-12-18 13:49:48,System Crash,Critical,Endpoint_E
2024-12-18 04:43:55,Data Exfiltration,Critical,Endpoint_B
2024-12-18 19:09:15,Malware Detection,Medium,Endpoint_D
2024-12-18 00:29:12,Policy Violation,Low,Endpoint_E
2024-12-18 19:02:34,System Crash,Critical,Endpoint_D
2024-12-18 00:32:04,Policy Violation,Critical,Endpoint_D
2024-12-18 09:16:05,System Crash,High,Endpoint_B
2024-12-18 17:48:40,Login Attempt,High,Endpoint_A
2024-12-18 12:29:58,System Crash,Low,Endpoint_D
2024-12-18 09:41:23,Malware Detection,Critical,Endpoint_D
2024-12-18 14:42:12,System Crash,High,Endpoint_C
2024-12-18 05:54:23,Login Attempt,Low,Endpoint_D
2024-12-17 21:06:43,Login Attempt,High,Endpoint_C
2024-12-18 19:28:17,System Crash,Low,Endpoint_B
2024-12-18 07:10:13,Login Attempt,Low,Endpoint_A
2024-12-18 06:36:38,Policy Violation,Low,Endpoint_A
2024-12-18 12:02:59,Login Attempt,Critical,Endpoint_D
2024-12-18 17:57:55,System Crash,High,Endpoint_D
2024-12-18 17:55:37,Policy Violation,Low,Endpoint_B
2024-12-18 17:30:41,Malware Detection,High,Endpoint_A
2024-12-18 03:03:52,Data Exfiltration,High,Endpoint_E
2024-12-18 07:21:19,System Crash,High,Endpoint_A
2024-12-18 14:12:27,Malware Detection,High,Endpoint_A
2024-12-18 18:19:16,Login Attempt,Critical,Endpoint_D
2024-12-18 05:24:40,Malware Detection,Low,Endpoint_A
2024-12-18 09:14:00,Data Exfiltration,High,Endpoint_B
2024-12-18 09:15:22,Malware Detection,Low,Endpoint_D
2024-12-18 12:54:09,Policy Violation,Medium,Endpoint_A
2024-12-18 19:15:47,System Crash,Low,Endpoint_E
2024-12-17 21:49:53,Malware Detection,Medium,Endpoint_B
2024-12-18 11:12:05,Policy Violation,High,Endpoint_E
2024-12-18 18:34:30,System Crash,Medium,Endpoint_A
2024-12-18 11:10:33,Policy Violation,High,Endpoint_C
2024-12-18 11:19:53,Policy Violation,Low,Endpoint_D
2024-12-17 21:09:56,Policy Violation,Critical,Endpoint_D
2024-12-18 11:24:42,Login Attempt,Medium,Endpoint_D
2024-12-18 05:28:28,Login Attempt,Medium,Endpoint_E
2024-12-17 21:16:46,Login Attempt,High,Endpoint_D
2024-12-18 06:05:32,Malware Detection,High,Endpoint_A
2024-12-18 19:57:09,Policy Violation,Medium,Endpoint_E
2024-12-18 10:10:56,Data Exfiltration,High,Endpoint_A
2024-12-18 18:27:40,Login Attempt,Critical,Endpoint_D
2024-12-18 15:25:15,Data Exfiltration,Low,Endpoint_B
2024-12-18 16:57:53,Login Attempt,High,Endpoint_E
2024-12-18 11:33:39,Data Exfiltration,Critical,Endpoint_E
2024-12-18 02:22:57,Policy Violation,High,Endpoint_A
2024-12-17 22:13:11,System Crash,Critical,Endpoint_B
2024-12-18 12:05:21,Policy Violation,High,Endpoint_A
2024-12-17 21:34:43,Data Exfiltration,High,Endpoint_C
2024-12-18 12:44:12,Malware Detection,Medium,Endpoint_D
2024-12-18 05:29:10,System Crash,Critical,Endpoint_E
2024-12-17 21:35:18,System Crash,Medium,Endpoint_C
2024-12-18 04:32:14,Malware Detection,High,Endpoint_D
2024-12-18 12:58:30,Malware Detection,Low,Endpoint_A
2024-12-18 06:23:50,Policy Violation,High,Endpoint_D
2024-12-18 00:14:13,System Crash,High,Endpoint_D
2024-12-18 00:37:00,Data Exfiltration,Medium,Endpoint_B
2024-12-18 20:22:45,Data Exfiltration,Low,Endpoint_C
2024-12-18 12:43:58,Login Attempt,Low,Endpoint_B
2024-12-18 15:27:41,Malware Detection,Critical,Endpoint_C
2024-12-18 15:05:24,Policy Violation,Low,Endpoint_A
2024-12-18 14:39:18,Malware Detection,Low,Endpoint_B
2024-12-17 22:46:59,Malware Detection,High,Endpoint_A
2024-12-17 23:04:03,System Crash,Critical,Endpoint_A
2024-12-18 20:27:52,System Crash,Low,Endpoint_E
2024-12-18 06:09:30,System Crash,Low,Endpoint_B
2024-12-17 22:35:33,Data Exfiltration,High,Endpoint_C
2024-12-18 13:16:04,Login Attempt,High,Endpoint_C
2024-12-18 10:44:09,Data Exfiltration,Low,Endpoint_E
2024-12-18 15:17:49,Malware Detection,Critical,Endpoint_A
2024-12-18 02:56:59,Policy Violation,Critical,Endpoint_C
2024-12-18 09:03:24,Data Exfiltration,High,Endpoint_A
2024-12-18 12:31:27,Data Exfiltration,Medium,Endpoint_E
2024-12-18 11:50:37,Login Attempt,Low,Endpoint_D
2024-12-18 05:30:40,Policy Violation,High,Endpoint_D
2024-12-18 07:47:41,Malware Detection,Low,Endpoint_C
2024-12-18 04:55:27,System Crash,Critical,Endpoint_D
2024-12-18 07:27:05,Data Exfiltration,Low,Endpoint_E
2024-12-18 10:02:43,System Crash,Low,Endpoint_A
2024-12-18 01:53:40,System Crash,Low,Endpoint_B
2024-12-18 04:42:03,System Crash,High,Endpoint_B
2024-12-17 20:54:47,System Crash,Critical,Endpoint_A
2024-12-18 19:50:42,Data Exfiltration,Medium,Endpoint_D
2024-12-17 21:52:48,System Crash,Low,Endpoint_B
2024-12-17 23:31:34,Data Exfiltration,Low,Endpoint_E
2024-12-18 06:57:20,Policy Violation,High,Endpoint_C
2024-12-17 21:36:01,Login Attempt,Medium,Endpoint_D
2024-12-18 13:11:24,Data Exfiltration,Medium,Endpoint_E
2024-12-18 00:12:26,System Crash,Critical,Endpoint_A
2024-12-18 04:18:03,Data Exfiltration,Critical,Endpoint_C
2024-12-18 18:12:29,Login Attempt,Critical,Endpoint_B
2024-12-18 20:21:29,Data Exfiltration,Low,Endpoint_E
2024-12-18 17:00:41,Login Attempt,Medium,Endpoint_E
2024-12-18 17:36:03,Login Attempt,High,Endpoint_E
2024-12-17 23:34:49,Login Attempt,Low,Endpoint_A
2024-12-17 21:29:14,System Crash,Critical,Endpoint_E
2024-12-18 02:01:45,Malware Detection,High,Endpoint_D
2024-12-18 01:01:16,Login Attempt,Low,Endpoint_C
2024-12-17 21:38:05,Data Exfiltration,Medium,Endpoint_A
2024-12-18 06:29:57,Login Attempt,Low,Endpoint_A
2024-12-18 11:20:10,Login Attempt,High,Endpoint_A
2024-12-18 15:00:40,System Crash,High,Endpoint_B
2024-12-18 05:00:17,Policy Violation,Critical,Endpoint_B
2024-12-18 13:01:37,Policy Violation,High,Endpoint_A
2024-12-18 00:30:36,System Crash,Medium,Endpoint_A
2024-12-18 02:06:20,Login Attempt,Critical,Endpoint_B
2024-12-17 20:51:44,Policy Violation,High,Endpoint_C
2024-12-18 03:43:46,Data Exfiltration,Low,Endpoint_E
2024-12-18 09:13:59,System Crash,High,Endpoint_E
2024-12-18 16:21:50,Policy Violation,Medium,Endpoint_E
2024-12-18 01:55:44,Malware Detection,Low,Endpoint_A
2024-12-17 21:06:16,Policy Violation,Critical,Endpoint_A
2024-12-18 02:23:23,Malware Detection,High,Endpoint_B
2024-12-18 01:07:16,Malware Detection,High,Endpoint_E
2024-12-18 15:59:39,Malware Detection,Low,Endpoint_A
2024-12-18 17:48:18,Data Exfiltration,Critical,Endpoint_C
2024-12-18 05:35:05,Malware Detection,Medium,Endpoint_E
2024-12-17 23:42:20,Data Exfiltration,Medium,Endpoint_E
2024-12-18 09:54:08,Malware Detection,Critical,Endpoint_E
2024-12-17 22:06:38,Login Attempt,Medium,Endpoint_D
2024-12-18 00:00:53,Malware Detection,Low,Endpoint_B
2024-12-18 04:02:15,Malware Detection,High,Endpoint_D
2024-12-18 16:51:40,Login Attempt,High,Endpoint_E
2024-12-18 08:09:08,System Crash,Critical,Endpoint_B
2024-12-17 23:40:53,Data Exfiltration,Low,Endpoint_A
2024-12-18 13:01:36,System Crash,High,Endpoint_E
2024-12-18 14:08:43,Data Exfiltration,Medium,Endpoint_C
2024-12-18 01:46:57,System Crash,Low,Endpoint_E
2024-12-18 03:51:23,Malware Detection,Medium,Endpoint_B
2024-12-18 03:24:31,Data Exfiltration,Critical,Endpoint_D
2024-12-18 16:56:52,Policy Violation,High,Endpoint_D
2024-12-18 10:45:40,System Crash,Critical,Endpoint_B
2024-12-18 01:44:20,Malware Detection,Medium,Endpoint_A
2024-12-18 06:05:57,Policy Violation,Critical,Endpoint_B
2024-12-18 17:13:52,Malware Detection,Low,Endpoint_E
2024-12-17 21:11:43,Data Exfiltration,Critical,Endpoint_B
2024-12-17 23:35:54,Malware Detection,High,Endpoint_E
2024-12-18 14:58:13,Login Attempt,Critical,Endpoint_D
2024-12-18 02:01:20,Policy Violation,Medium,Endpoint_E
2024-12-18 15:29:17,Login Attempt,Low,Endpoint_E
2024-12-18 15:24:55,System Crash,Critical,Endpoint_C
2024-12-18 19:13:10,Malware Detection,Low,Endpoint_E
2024-12-18 18:57:18,Data Exfiltration,Medium,Endpoint_C
2024-12-18 07:20:00,System Crash,Low,Endpoint_C
2024-12-18 02:07:38,Policy Violation,High,Endpoint_C
2024-12-17 22:55:11,Malware Detection,Medium,Endpoint_B
2024-12-18 02:30:05,System Crash,Critical,Endpoint_C
2024-12-18 05:11:37,Data Exfiltration,Critical,Endpoint_B
2024-12-18 03:09:55,Policy Violation,Critical,Endpoint_C
2024-12-18 07:48:55,Policy Violation,High,Endpoint_B
2024-12-18 04:33:49,Malware Detection,Medium,Endpoint_D
2024-12-18 13:03:54,Login Attempt,Low,Endpoint_B
2024-12-18 05:00:16,Policy Violation,High,Endpoint_A
2024-12-18 00:58:57,System Crash,Medium,Endpoint_A
2024-12-18 07:53:40,Login Attempt,High,Endpoint_C
2024-12-18 17:56:16,Malware Detection,High,Endpoint_D
2024-12-17 22:31:56,System Crash,Medium,Endpoint_E
2024-12-18 18:31:54,Malware Detection,Low,Endpoint_E
2024-12-18 18:55:02,Policy Violation,Medium,Endpoint_B
2024-12-18 05:16:35,Login Attempt,High,Endpoint_C
2024-12-18 10:24:02,Data Exfiltration,Critical,Endpoint_A
2024-12-18 07:31:36,Policy Violation,Critical,Endpoint_E
2024-12-18 10:31:59,Login Attempt,Low,Endpoint_C
2024-12-18 16:39:07,Login Attempt,Medium,Endpoint_A
2024-12-18 16:48:17,Login Attempt,Critical,Endpoint_D
2024-12-18 06:16:16,System Crash,Low,Endpoint_D
2024-12-18 10:27:29,Login Attempt,Low,Endpoint_E
2024-12-18 10:56:04,Data Exfiltration,High,Endpoint_D
2024-12-18 10:03:31,Policy Violation,Critical,Endpoint_C
2024-12-18 19:32:44,Malware Detection,Critical,Endpoint_C
2024-12-18 15:43:24,Policy Violation,Critical,Endpoint_D
2024-12-18 11:49:09,Policy Violation,High,Endpoint_E
2024-12-18 17:57:05,Malware Detection,Medium,Endpoint_D
2024-12-18 17:35:50,Malware Detection,Low,Endpoint_D
2024-12-18 02:45:34,Login Attempt,High,Endpoint_B
2024-12-18 04:41:47,Malware Detection,Medium,Endpoint_B
2024-12-18 03:43:04,Malware Detection,Medium,Endpoint_C
2024-12-18 11:22:50,Policy Violation,High,Endpoint_B
2024-12-18 19:26:03,Data Exfiltration,Medium,Endpoint_C
2024-12-18 06:48:50,Malware Detection,Low,Endpoint_C
2024-12-18 00:14:10,System Crash,Medium,Endpoint_C
2024-12-18 12:32:53,Malware Detection,Low,Endpoint_D
2024-12-18 06:08:56,Data Exfiltration,Low,Endpoint_D
2024-12-18 12:14:50,Data Exfiltration,Critical,Endpoint_A
2024-12-18 04:58:02,Login Attempt,Medium,Endpoint_C
2024-12-18 13:05:32,Data Exfiltration,Medium,Endpoint_D
2024-12-18 11:57:09,System Crash,Medium,Endpoint_E
2024-12-18 16:47:35,Malware Detection,Medium,Endpoint_E
2024-12-18 12:07:15,Policy Violation,Critical,Endpoint_A
2024-12-18 02:54:29,Malware Detection,Low,Endpoint_E
2024-12-18 01:50:01,System Crash,Medium,Endpoint_B
2024-12-18 11:04:26,Data Exfiltration,Medium,Endpoint_B
2024-12-18 05:23:11,Policy Violation,High,Endpoint_C
2024-12-18 19:28:03,Data Exfiltration,High,Endpoint_A
2024-12-18 07:28:06,Policy Violation,High,Endpoint_D
2024-12-18 14:44:10,Data Exfiltration,Medium,Endpoint_E
2024-12-18 00:59:07,Login Attempt,High,Endpoint_A
2024-12-18 09:10:02,System Crash,Low,Endpoint_C
2024-12-18 14:21:10,System Crash,Low,Endpoint_E
2024-12-18 03:05:51,Policy Violation,High,Endpoint_C
2024-12-18 02:11:44,Login Attempt,High,Endpoint_D
2024-12-17 23:39:13,Login Attempt,High,Endpoint_B
2024-12-18 18:28:27,Data Exfiltration,Medium,Endpoint_A
2024-12-18 05:32:05,Data Exfiltration,Medium,Endpoint_A
2024-12-18 19:01:14,Data Exfiltration,Medium,Endpoint_B
2024-12-18 19:32:48,Policy Violation,Critical,Endpoint_C
2024-12-17 23:51:22,Policy Violation,Critical,Endpoint_C
2024-12-18 06:18:33,Data Exfiltration,High,Endpoint_D
2024-12-18 14:32:45,Data Exfiltration,High,Endpoint_D
2024-12-18 11:55:22,Policy Violation,Medium,Endpoint_B
2024-12-18 05:06:58,Login Attempt,Critical,Endpoint_C
2024-12-18 05:02:57,Data Exfiltration,Medium,Endpoint_A
2024-12-17 21:47:09,System Crash,Low,Endpoint_C
2024-12-18 13:18:48,System Crash,Medium,Endpoint_C
2024-12-17 20:51:54,Malware Detection,Medium,Endpoint_D
2024-12-18 01:24:58,Policy Violation,Low,Endpoint_E
2024-12-18 11:49:03,Login Attempt,Critical,Endpoint_B
2024-12-18 03:05:41,Malware Detection,High,Endpoint_E
2024-12-18 12:14:08,Malware Detection,Low,Endpoint_C
2024-12-18 17:41:45,Malware Detection,High,Endpoint_C
2024-12-17 21:04:57,Data Exfiltration,High,Endpoint_C
2024-12-18 20:41:47,Data Exfiltration,Medium,Endpoint_E
2024-12-18 18:39:32,Data Exfiltration,High,Endpoint_E
2024-12-18 17:11:49,Malware Detection,Low,Endpoint_B
2024-12-18 00:51:55,System Crash,Medium,Endpoint_A
2024-12-18 03:31:30,Policy Violation,Medium,Endpoint_A
2024-12-18 03:53:59,Malware Detection,High,Endpoint_A
2024-12-18 19:28:56,Data Exfiltration,Medium,Endpoint_D
2024-12-18 15:38:25,Login Attempt,Low,Endpoint_C
2024-12-18 08:28:19,Malware Detection,Medium,Endpoint_E
2024-12-17 23:51:24,System Crash,Critical,Endpoint_E
2024-12-18 12:53:29,Policy Violation,Critical,Endpoint_C
2024-12-18 05:49:10,Login Attempt,Medium,Endpoint_A
2024-12-18 01:34:25,Login Attempt,Low,Endpoint_D
2024-12-18 15:07:35,Data Exfiltration,Low,Endpoint_A
2024-12-18 18:49:49,Login Attempt,Critical,Endpoint_E
2024-12-18 02:14:40,Policy Violation,Critical,Endpoint_D
2024-12-17 23:26:00,System Crash,Critical,Endpoint_E
2024-12-18 18:37:24,Data Exfiltration,High,Endpoint_B
2024-12-18 08:46:40,Policy Violation,High,Endpoint_E
2024-12-18 04:21:04,Data Exfiltration,Low,Endpoint_D
2024-12-18 19:21:18,System Crash,Critical,Endpoint_B
2024-12-18 19:44:13,Policy Violation,Medium,Endpoint_D
2024-12-18 06:52:52,Malware Detection,Medium,Endpoint_D
2024-12-18 14:12:10,Login Attempt,Critical,Endpoint_C
2024-12-18 12:16:20,Policy Violation,Medium,Endpoint_E
2024-12-17 23:23:44,Malware Detection,Critical,Endpoint_E
2024-12-17 22:08:22,Policy Violation,Medium,Endpoint_C
2024-12-18 09:56:17,Malware Detection,Medium,Endpoint_E
2024-12-18 02:33:45,Login Attempt,Medium,Endpoint_D
2024-12-18 09:30:06,Policy Violation,High,Endpoint_E
2024-12-17 22:25:34,Login Attempt,Low,Endpoint_C
2024-12-18 09:23:39,Data Exfiltration,Critical,Endpoint_A
2024-12-18 19:41:40,Policy Violation,Critical,Endpoint_C
2024-12-18 12:39:18,Data Exfiltration,Medium,Endpoint_A
2024-12-18 16:51:25,Login Attempt,Low,Endpoint_A
2024-12-18 03:56:10,Data Exfiltration,High,Endpoint_A
2024-12-18 05:49:03,System Crash,Medium,Endpoint_B
2024-12-18 20:40:21,Data Exfiltration,Low,Endpoint_B
2024-12-18 03:48:42,Data Exfiltration,Low,Endpoint_B
2024-12-18 00:07:12,Malware Detection,Low,Endpoint_A
2024-12-18 02:48:48,Policy Violation,Critical,Endpoint_D
2024-12-18 20:35:26,Malware Detection,High,Endpoint_E
2024-12-18 16:30:44,System Crash,Low,Endpoint_E
2024-12-18 08:41:15,Policy Violation,Medium,Endpoint_C
2024-12-17 21:15:02,Login Attempt,Critical,Endpoint_A
2024-12-18 02:13:48,Data Exfiltration,High,Endpoint_C
2024-12-18 14:00:14,System Crash,High,Endpoint_B
2024-12-18 07:50:48,System Crash,Low,Endpoint_D
2024-12-18 17:23:44,Malware Detection,Low,Endpoint_A
2024-12-18 05:20:06,Malware Detection,Critical,Endpoint_C
2024-12-18 14:34:05,Data Exfiltration,High,Endpoint_E
2024-12-18 10:32:40,Login Attempt,Critical,Endpoint_C
2024-12-18 16:01:28,Login Attempt,Medium,Endpoint_D
2024-12-18 02:41:25,Data Exfiltration,Medium,Endpoint_D
2024-12-18 18:16:55,Data Exfiltration,Medium,Endpoint_C
2024-12-18 16:31:25,Policy Violation,Critical,Endpoint_D
2024-12-18 05:27:40,System Crash,Low,Endpoint_A
2024-12-18 02:22:49,Policy Violation,Critical,Endpoint_A
2024-12-18 10:47:31,Malware Detection,Critical,Endpoint_E
2024-12-17 20:58:25,Malware Detection,Critical,Endpoint_B
2024-12-18 00:01:04,Policy Violation,Critical,Endpoint_E
2024-12-18 16:49:09,Data Exfiltration,Low,Endpoint_A
2024-12-18 03:02:38,Policy Violation,Critical,Endpoint_C
2024-12-18 19:54:13,System Crash,High,Endpoint_D
2024-12-18 18:26:55,Data Exfiltration,Low,Endpoint_E
2024-12-18 07:58:18,System Crash,Critical,Endpoint_A
2024-12-18 03:57:06,System Crash,Low,Endpoint_E
2024-12-18 05:27:22,Malware Detection,Critical,Endpoint_A
2024-12-18 13:01:23,Malware Detection,High,Endpoint_E
2024-12-18 00:50:15,Data Exfiltration,Medium,Endpoint_B
2024-12-18 07:04:10,Login Attempt,Medium,Endpoint_B
2024-12-18 17:27:29,Data Exfiltration,Medium,Endpoint_E
2024-12-18 00:11:36,Policy Violation,Medium,Endpoint_B
2024-12-18 11:40:25,Malware Detection,Critical,Endpoint_D
2024-12-18 13:58:38,Login Attempt,Low,Endpoint_A
2024-12-18 12:10:12,Malware Detection,High,Endpoint_E
2024-12-18 02:43:20,Policy Violation,Low,Endpoint_D
2024-12-17 20:47:02,Policy Violation,Low,Endpoint_C
2024-12-18 00:05:32,Login Attempt,Low,Endpoint_D
2024-12-18 01:24:35,Policy Violation,Medium,Endpoint_D
2024-12-18 04:40:00,Data Exfiltration,High,Endpoint_D
2024-12-18 04:31:57,Data Exfiltration,Medium,Endpoint_C
2024-12-18 09:09:48,Login Attempt,Critical,Endpoint_A
2024-12-17 23:33:35,System Crash,Medium,Endpoint_B
2024-12-18 12:18:34,System Crash,Medium,Endpoint_E
2024-12-18 18:35:44,System Crash,Medium,Endpoint_D
2024-12-18 19:28:12,Policy Violation,Medium,Endpoint_A
2024-12-18 11:36:05,System Crash,Critical,Endpoint_A
2024-12-18 05:55:38,Login Attempt,Low,Endpoint_B
2024-12-18 10:45:39,Login Attempt,Low,Endpoint_E
2024-12-17 23:54:32,Login Attempt,Low,Endpoint_A
2024-12-18 09:03:27,Data Exfiltration,Critical,Endpoint_A
2024-12-18 13:34:08,Data Exfiltration,High,Endpoint_E
2024-12-18 17:53:13,Data Exfiltration,Medium,Endpoint_D
2024-12-17 23:34:00,Login Attempt,Critical,Endpoint_B
2024-12-18 11:09:34,Login Attempt,Critical,Endpoint_E
2024-12-18 12:00:26,Data Exfiltration,Low,Endpoint_A
2024-12-17 22:04:30,Malware Detection,Critical,Endpoint_B
2024-12-18 11:11:01,Login Attempt,Medium,Endpoint_A
2024-12-18 12:13:03,Data Exfiltration,High,Endpoint_E
2024-12-18 02:47:39,System Crash,Critical,Endpoint_E
2024-12-18 04:10:07,Data Exfiltration,Low,Endpoint_B
2024-12-17 23:18:13,Data Exfiltration,High,Endpoint_E
2024-12-18 12:01:45,System Crash,Low,Endpoint_A
2024-12-18 02:41:20,Malware Detection,Critical,Endpoint_D
2024-12-18 20:37:30,Malware Detection,Critical,Endpoint_B
2024-12-18 04:01:42,Malware Detection,Low,Endpoint_C
2024-12-18 15:15:40,Data Exfiltration,Critical,Endpoint_D
2024-12-18 02:12:28,Policy Violation,Critical,Endpoint_A
2024-12-18 02:40:50,Malware Detection,Critical,Endpoint_B
2024-12-18 19:24:59,Policy Violation,Low,Endpoint_D
2024-12-18 00:06:56,Policy Violation,High,Endpoint_D
2024-12-18 16:02:43,Policy Violation,Medium,Endpoint_A
2024-12-18 10:24:35,Login Attempt,High,Endpoint_C
2024-12-18 10:38:05,Malware Detection,Low,Endpoint_B
2024-12-18 18:31:22,Login Attempt,High,Endpoint_E
2024-12-18 08:57:48,System Crash,Medium,Endpoint_D
2024-12-18 16:53:47,Malware Detection,Critical,Endpoint_C
2024-12-18 05:54:12,System Crash,High,Endpoint_B
2024-12-18 10:05:52,System Crash,High,Endpoint_B
2024-12-18 15:47:46,Policy Violation,High,Endpoint_E
2024-12-18 17:09:43,System Crash,Medium,Endpoint_A
2024-12-18 04:51:26,Data Exfiltration,Low,Endpoint_A
2024-12-18 00:24:49,Data Exfiltration,High,Endpoint_B
2024-12-18 00:52:17,Login Attempt,Critical,Endpoint_A
2024-12-18 05:52:32,System Crash,Critical,Endpoint_A
2024-12-17 23:22:05,System Crash,Low,Endpoint_C
2024-12-17 22:52:25,Malware Detection,High,Endpoint_D
2024-12-18 15:32:24,Login Attempt,High,Endpoint_A
2024-12-18 13:39:10,Login Attempt,Critical,Endpoint_C
2024-12-17 23:48:30,System Crash,High,Endpoint_E
2024-12-18 20:04:38,Login Attempt,High,Endpoint_C
2024-12-17 22:04:37,Malware Detection,Low,Endpoint_A
2024-12-18 06:31:35,Login Attempt,High,Endpoint_E
2024-12-18 12:17:49,Malware Detection,Low,Endpoint_D
2024-12-18 19:57:21,Malware Detection,High,Endpoint_E
2024-12-17 23:09:43,Login Attempt,Low,Endpoint_C
2024-12-18 11:38:00,Malware Detection,Medium,Endpoint_C
2024-12-18 01:18:23,Policy Violation,Medium,Endpoint_A
2024-12-18 18:37:17,Policy Violation,Low,Endpoint_B
2024-12-18 08:49:04,Data Exfiltration,Low,Endpoint_D
2024-12-18 10:18:05,Data Exfiltration,Low,Endpoint_A
2024-12-18 13:36:06,Malware Detection,High,Endpoint_A
2024-12-18 10:42:43,Policy Violation,Medium,Endpoint_B
2024-12-18 12:55:16,System Crash,High,Endpoint_E
2024-12-18 20:43:46,System Crash,Low,Endpoint_A
2024-12-18 01:49:25,Login Attempt,Medium,Endpoint_B
2024-12-18 20:04:18,Malware Detection,Low,Endpoint_A
2024-12-18 05:15:33,Login Attempt,High,Endpoint_B
2024-12-18 08:24:41,Login Attempt,Critical,Endpoint_A
2024-12-18 03:07:03,Data Exfiltration,High,Endpoint_C
2024-12-18 02:54:18,Login Attempt,Critical,Endpoint_E
2024-12-18 04:16:04,Malware Detection,High,Endpoint_B
2024-12-18 12:20:07,Login Attempt,Critical,Endpoint_D
2024-12-17 22:03:30,System Crash,Critical,Endpoint_C
2024-12-18 11:32:40,Malware Detection,Medium,Endpoint_C
2024-12-18 07:44:33,Malware Detection,Low,Endpoint_D
2024-12-18 07:23:53,Malware Detection,Medium,Endpoint_B
2024-12-17 22:13:02,Login Attempt,High,Endpoint_A
2024-12-18 03:14:20,System Crash,High,Endpoint_D
2024-12-17 23:42:43,Data Exfiltration,Critical,Endpoint_D
2024-12-18 18:45:29,Login Attempt,Low,Endpoint_A
2024-12-18 19:02:18,Policy Violation,High,Endpoint_B
2024-12-18 01:16:02,Login Attempt,Low,Endpoint_E
2024-12-18 00:33:19,Login Attempt,Medium,Endpoint_C
2024-12-18 01:49:21,Data Exfiltration,Critical,Endpoint_D
2024-12-18 04:50:14,System Crash,Critical,Endpoint_E
2024-12-18 17:29:45,Data Exfiltration,Low,Endpoint_C
2024-12-18 00:56:06,Malware Detection,Critical,Endpoint_C
2024-12-18 01:56:19,System Crash,High,Endpoint_A
2024-12-18 15:50:42,Malware Detection,High,Endpoint_E
2024-12-18 11:28:38,System Crash,Medium,Endpoint_D
2024-12-18 13:50:56,System Crash,High,Endpoint_C
2024-12-18 16:53:55,Malware Detection,High,Endpoint_A
2024-12-18 18:43:25,Policy Violation,Critical,Endpoint_C
2024-12-18 04:56:59,Data Exfiltration,Low,Endpoint_A
2024-12-18 10:41:33,Malware Detection,Medium,Endpoint_C
2024-12-18 10:35:39,Policy Violation,Medium,Endpoint_B
2024-12-18 02:24:55,System Crash,Low,Endpoint_C
2024-12-18 16:15:36,Data Exfiltration,Medium,Endpoint_A
2024-12-18 15:33:38,Malware Detection,Medium,Endpoint_E
2024-12-18 00:46:02,System Crash,High,Endpoint_A
2024-12-18 13:01:31,Login Attempt,Low,Endpoint_B
2024-12-18 00:56:38,System Crash,High,Endpoint_C
2024-12-17 22:06:51,Policy Violation,Low,Endpoint_B
2024-12-17 22:55:18,Malware Detection,Low,Endpoint_B
2024-12-18 20:44:28,Policy Violation,Low,Endpoint_C
2024-12-18 12:01:56,Data Exfiltration,High,Endpoint_D
2024-12-17 22:46:36,Login Attempt,Critical,Endpoint_A
2024-12-18 16:51:46,System Crash,Low,Endpoint_C
2024-12-18 01:24:13,System Crash,Critical,Endpoint_D
2024-12-18 07:09:17,Data Exfiltration,Low,Endpoint_E
2024-12-18 12:00:14,Policy Violation,Critical,Endpoint_B
2024-12-17 20:49:35,Policy Violation,High,Endpoint_B
2024-12-18 06:16:28,Login Attempt,Critical,Endpoint_E
2024-12-18 00:42:12,Login Attempt,Medium,Endpoint_A
2024-12-17 23:22:27,Malware Detection,Medium,Endpoint_C
2024-12-18 13:52:59,Malware Detection,Critical,Endpoint_B
2024-12-18 04:35:12,Policy Violation,High,Endpoint_A
2024-12-18 15:51:06,Login Attempt,Low,Endpoint_A
2024-12-18 19:25:50,Login Attempt,High,Endpoint_D
2024-12-18 09:05:56,Login Attempt,Low,Endpoint_E
2024-12-18 08:55:05,Data Exfiltration,Medium,Endpoint_B
2024-12-18 10:53:32,Login Attempt,Medium,Endpoint_C
2024-12-18 11:39:38,Login Attempt,Critical,Endpoint_A
2024-12-17 23:02:09,Malware Detection,Medium,Endpoint_B
2024-12-18 12:05:26,Malware Detection,Low,Endpoint_E
2024-12-18 11:40:44,Data Exfiltration,Medium,Endpoint_D
2024-12-18 10:19:02,Policy Violation,Low,Endpoint_C
2024-12-18 08:53:37,System Crash,High,Endpoint_C
2024-12-18 00:14:35,System Crash,High,Endpoint_E
2024-12-17 22:39:27,Malware Detection,High,Endpoint_E
2024-12-18 11:56:34,Malware Detection,Low,Endpoint_A
2024-12-18 12:39:56,Data Exfiltration,Low,Endpoint_B
2024-12-18 09:41:59,Data Exfiltration,Low,Endpoint_A
2024-12-18 14:40:47,Policy Violation,High,Endpoint_E
2024-12-18 04:17:17,Data Exfiltration,Critical,Endpoint_D
2024-12-18 01:08:44,Malware Detection,Critical,Endpoint_C
2024-12-17 21:23:11,Malware Detection,Medium,Endpoint_E
2024-12-18 02:38:36,Login Attempt,High,Endpoint_E
2024-12-18 13:49:54,Login Attempt,Medium,Endpoint_C
2024-12-18 04:40:21,Policy Violation,Medium,Endpoint_E
2024-12-17 22:05:17,Policy Violation,Medium,Endpoint_A
2024-12-18 02:32:44,Malware Detection,Critical,Endpoint_A
2024-12-18 11:43:39,Malware Detection,Low,Endpoint_A
2024-12-18 02:22:45,Data Exfiltration,Critical,Endpoint_A
2024-12-18 19:18:33,Malware Detection,Critical,Endpoint_B
2024-12-18 12:04:11,System Crash,High,Endpoint_B
2024-12-18 08:16:44,Policy Violation,Critical,Endpoint_B
2024-12-18 08:25:31,Policy Violation,Low,Endpoint_D
2024-12-18 15:09:55,System Crash,High,Endpoint_A
2024-12-18 08:29:23,Policy Violation,High,Endpoint_E
2024-12-18 17:09:13,Malware Detection,Critical,Endpoint_D
2024-12-17 23:07:05,Policy Violation,Medium,Endpoint_C
2024-12-18 02:33:24,Policy Violation,Low,Endpoint_B
2024-12-18 04:39:11,Data Exfiltration,High,Endpoint_D
2024-12-18 18:58:59,Data Exfiltration,Low,Endpoint_E
2024-12-18 10:43:01,Policy Violation,Critical,Endpoint_C
2024-12-17 23:27:56,Malware Detection,High,Endpoint_D
2024-12-18 00:38:53,System Crash,High,Endpoint_E
2024-12-18 17:52:32,Malware Detection,High,Endpoint_D
2024-12-18 02:10:16,System Crash,High,Endpoint_D
2024-12-17 21:15:40,Login Attempt,Low,Endpoint_C
2024-12-18 07:53:51,Malware Detection,Medium,Endpoint_A
2024-12-18 01:06:26,Malware Detection,Medium,Endpoint_C
2024-12-18 01:49:38,Login Attempt,High,Endpoint_C
2024-12-18 02:55:14,Malware Detection,Low,Endpoint_E
2024-12-18 14:09:03,Login Attempt,High,Endpoint_B
2024-12-18 07:25:15,Policy Violation,Critical,Endpoint_C
2024-12-17 21:18:27,Malware Detection,Low,Endpoint_D
2024-12-18 19:16:15,Data Exfiltration,Critical,Endpoint_A
2024-12-18 18:02:32,Malware Detection,Critical,Endpoint_E
2024-12-18 16:06:57,System Crash,Critical,Endpoint_A
2024-12-18 10:40:55,Data Exfiltration,Critical,Endpoint_D
2024-12-18 14:37:05,Malware Detection,High,Endpoint_E
2024-12-18 01:16:43,System Crash,Critical,Endpoint_D
2024-12-18 00:20:07,Login Attempt,High,Endpoint_E
2024-12-17 23:40:15,Data Exfiltration,Medium,Endpoint_B
2024-12-18 01:32:58,Data Exfiltration,Medium,Endpoint_B
2024-12-18 15:08:03,Malware Detection,Low,Endpoint_D
2024-12-18 20:22:19,Data Exfiltration,High,Endpoint_C
2024-12-18 13:19:06,Login Attempt,High,Endpoint_A
2024-12-18 00:31:06,Malware Detection,Critical,Endpoint_E
2024-12-18 20:35:19,Malware Detection,Critical,Endpoint_D
2024-12-18 07:58:32,Malware Detection,Medium,Endpoint_C
2024-12-18 04:55:01,Malware Detection,Critical,Endpoint_D
2024-12-18 10:21:46,System Crash,Critical,Endpoint_B
2024-12-18 18:38:14,System Crash,Low,Endpoint_B
2024-12-18 17:29:12,System Crash,Critical,Endpoint_D
2024-12-18 20:39:02,Malware Detection,Medium,Endpoint_C
2024-12-18 09:09:45,System Crash,High,Endpoint_E
2024-12-18 14:42:38,System Crash,Critical,Endpoint_C
2024-12-18 15:54:18,Login Attempt,Critical,Endpoint_D
2024-12-18 08:08:29,Policy Violation,Low,Endpoint_B
2024-12-18 00:57:53,Malware Detection,Medium,Endpoint_D
2024-12-18 18:16:00,Malware Detection,Critical,Endpoint_A
2024-12-18 18:32:03,System Crash,Medium,Endpoint_E
2024-12-18 14:33:14,Data Exfiltration,Low,Endpoint_C
2024-12-18 05:08:51,Policy Violation,Low,Endpoint_D
2024-12-18 02:29:42,Policy Violation,High,Endpoint_A
2024-12-17 20:55:50,Policy Violation,High,Endpoint_A
2024-12-18 18:16:30,System Crash,High,Endpoint_E
2024-12-18 08:09:50,Data Exfiltration,Critical,Endpoint_D
2024-12-18 02:16:13,Malware Detection,Low,Endpoint_C
2024-12-18 12:58:50,Policy Violation,Medium,Endpoint_A
2024-12-18 19:42:22,Data Exfiltration,Critical,Endpoint_B
2024-12-18 11:52:29,Policy Violation,Critical,Endpoint_A
2024-12-18 06:58:05,Malware Detection,High,Endpoint_A
2024-12-18 06:34:43,Policy Violation,High,Endpoint_A
2024-12-18 06:54:24,Malware Detection,Critical,Endpoint_D
2024-12-17 23:14:23,Policy Violation,Medium,Endpoint_D
2024-12-18 18:46:37,Policy Violation,Medium,Endpoint_C
2024-12-18 18:32:13,Data Exfiltration,Critical,Endpoint_A
2024-12-18 19:50:23,Login Attempt,Low,Endpoint_E
2024-12-18 19:19:30,Malware Detection,Low,Endpoint_B
2024-12-18 16:23:15,Data Exfiltration,Low,Endpoint_E
2024-12-18 19:19:20,Malware Detection,Medium,Endpoint_B
2024-12-18 03:49:27,Data Exfiltration,High,Endpoint_E
2024-12-18 19:02:43,Malware Detection,High,Endpoint_A
2024-12-18 11:25:33,Data Exfiltration,Critical,Endpoint_A
2024-12-18 16:54:04,Malware Detection,Critical,Endpoint_D
2024-12-18 02:11:56,Login Attempt,Critical,Endpoint_A
2024-12-18 17:24:03,Policy Violation,High,Endpoint_C
2024-12-18 06:31:10,System Crash,Medium,Endpoint_A
2024-12-18 05:05:41,Data Exfiltration,Medium,Endpoint_C
2024-12-18 13:53:10,Malware Detection,Critical,Endpoint_C
2024-12-18 03:02:53,Login Attempt,Critical,Endpoint_E
2024-12-17 22:47:17,System Crash,High,Endpoint_E
2024-12-17 20:50:59,Data Exfiltration,Medium,Endpoint_E
2024-12-18 20:16:49,Malware Detection,High,Endpoint_C
2024-12-18 04:00:01,Login Attempt,Low,Endpoint_C
2024-12-18 08:33:49,Data Exfiltration,Critical,Endpoint_B
2024-12-18 13:18:30,Data Exfiltration,Critical,Endpoint_B
2024-12-18 06:55:51,System Crash,Low,Endpoint_D
2024-12-18 16:51:40,System Crash,High,Endpoint_E
2024-12-17 22:30:47,Malware Detection,Medium,Endpoint_B
2024-12-18 08:47:40,System Crash,Medium,Endpoint_E
2024-12-18 07:08:52,Data Exfiltration,High,Endpoint_D
2024-12-18 10:43:48,Login Attempt,High,Endpoint_C
2024-12-18 02:31:01,Malware Detection,High,Endpoint_D
2024-12-18 00:29:37,Data Exfiltration,Medium,Endpoint_A
2024-12-18 01:39:38,Malware Detection,Low,Endpoint_C
2024-12-18 20:23:18,Login Attempt,High,Endpoint_D
2024-12-18 15:17:31,Login Attempt,Critical,Endpoint_D
2024-12-17 21:38:51,Malware Detection,Critical,Endpoint_D
2024-12-18 03:12:41,Data Exfiltration,Medium,Endpoint_E
2024-12-18 03:06:43,Login Attempt,High,Endpoint_B
2024-12-18 04:36:41,Malware Detection,Low,Endpoint_C
2024-12-18 09:45:43,System Crash,Medium,Endpoint_E
2024-12-18 19:46:28,Data Exfiltration,Low,Endpoint_D
2024-12-18 10:25:19,Data Exfiltration,Medium,Endpoint_A
2024-12-18 10:41:29,System Crash,Critical,Endpoint_E
2024-12-18 01:34:11,Login Attempt,Medium,Endpoint_D
2024-12-18 16:01:14,Data Exfiltration,High,Endpoint_D
2024-12-18 01:53:05,Malware Detection,Critical,Endpoint_E
2024-12-17 21:21:21,Malware Detection,Medium,Endpoint_B
2024-12-18 02:03:26,System Crash,Critical,Endpoint_E
2024-12-18 04:29:12,Malware Detection,High,Endpoint_D
2024-12-18 01:13:40,Policy Violation,Medium,Endpoint_B
2024-12-17 23:21:43,System Crash,High,Endpoint_E
2024-12-18 13:08:59,Data Exfiltration,High,Endpoint_D
2024-12-18 18:55:31,System Crash,Medium,Endpoint_A
2024-12-18 13:50:04,Malware Detection,High,Endpoint_A
2024-12-18 18:02:47,Login Attempt,High,Endpoint_A
2024-12-18 07:03:58,Policy Violation,Low,Endpoint_B
2024-12-18 08:27:42,Policy Violation,High,Endpoint_C
2024-12-18 13:32:53,Policy Violation,Critical,Endpoint_E
2024-12-18 05:42:42,Login Attempt,High,Endpoint_E
2024-12-18 02:54:24,Malware Detection,Critical,Endpoint_E
2024-12-18 16:27:05,System Crash,Medium,Endpoint_D
2024-12-18 18:31:09,Malware Detection,Low,Endpoint_C
2024-12-18 02:35:23,Policy Violation,High,Endpoint_A
2024-12-18 01:50:00,Data Exfiltration,Medium,Endpoint_A
2024-12-18 16:12:49,Login Attempt,Critical,Endpoint_B
2024-12-18 20:09:49,Login Attempt,Medium,Endpoint_A
2024-12-18 00:23:43,Malware Detection,Low,Endpoint_A
2024-12-18 00:03:53,System Crash,High,Endpoint_B
2024-12-18 13:47:17,Malware Detection,High,Endpoint_C
2024-12-18 06:12:32,Login Attempt,Critical,Endpoint_A
2024-12-18 20:24:40,Data Exfiltration,Critical,Endpoint_E
2024-12-18 03:28:04,Policy Violation,Low,Endpoint_A
2024-12-18 13:45:59,System Crash,Low,Endpoint_E
2024-12-18 09:34:39,Data Exfiltration,Low,Endpoint_D
2024-12-17 22:52:45,Data Exfiltration,High,Endpoint_B
2024-12-18 10:39:17,Policy Violation,Critical,Endpoint_E
2024-12-18 10:11:27,Login Attempt,Critical,Endpoint_A
2024-12-18 01:37:45,Policy Violation,Critical,Endpoint_C
2024-12-18 10:21:03,Malware Detection,High,Endpoint_E
2024-12-18 18:10:27,Data Exfiltration,Low,Endpoint_B
2024-12-18 17:16:31,Policy Violation,Medium,Endpoint_A
2024-12-18 01:01:20,System Crash,Low,Endpoint_C
2024-12-17 22:57:16,Login Attempt,Critical,Endpoint_C
2024-12-18 12:48:19,Policy Violation,Low,Endpoint_C
2024-12-18 13:01:21,Malware Detection,Medium,Endpoint_D
2024-12-18 06:51:50,Policy Violation,Critical,Endpoint_C
2024-12-18 10:35:50,Data Exfiltration,Critical,Endpoint_A
2024-12-18 20:29:40,Policy Violation,Low,Endpoint_E
2024-12-18 04:00:46,Data Exfiltration,High,Endpoint_C
2024-12-17 22:00:59,Data Exfiltration,Medium,Endpoint_C
2024-12-17 22:16:08,System Crash,Critical,Endpoint_A
2024-12-17 23:55:27,System Crash,Medium,Endpoint_C
2024-12-18 02:40:06,Policy Violation,Medium,Endpoint_B
2024-12-18 16:21:37,Policy Violation,Critical,Endpoint_B
2024-12-18 08:25:47,Policy Violation,Medium,Endpoint_A
2024-12-18 02:04:01,Login Attempt,High,Endpoint_E
2024-12-18 06:10:31,Login Attempt,Critical,Endpoint_B
2024-12-18 20:16:03,Policy Violation,Critical,Endpoint_B
2024-12-18 08:34:59,Malware Detection,Medium,Endpoint_B
2024-12-18 00:04:29,Malware Detection,Medium,Endpoint_B
2024-12-18 15:39:55,Data Exfiltration,High,Endpoint_A
2024-12-18 08:17:06,Malware Detection,High,Endpoint_C
2024-12-18 05:10:08,Login Attempt,Medium,Endpoint_E
2024-12-18 09:46:46,Login Attempt,High,Endpoint_C
2024-12-18 03:10:31,Login Attempt,Medium,Endpoint_C
2024-12-17 21:19:35,Data Exfiltration,Low,Endpoint_D
2024-12-18 02:48:31,System Crash,Medium,Endpoint_D
2024-12-18 18:03:57,System Crash,Low,Endpoint_D
2024-12-18 19:00:17,Data Exfiltration,High,Endpoint_B
2024-12-17 23:00:00,Login Attempt,High,Endpoint_A
2024-12-18 08:45:44,Policy Violation,Medium,Endpoint_B
2024-12-17 22:28:38,Data Exfiltration,Low,Endpoint_C
2024-12-18 03:14:34,Login Attempt,Medium,Endpoint_E
2024-12-17 21:03:47,Policy Violation,High,Endpoint_A
2024-12-18 00:48:46,Malware Detection,High,Endpoint_C
2024-12-18 20:13:32,Data Exfiltration,Critical,Endpoint_C
2024-12-17 23:05:53,Policy Violation,Low,Endpoint_A
2024-12-18 13:51:14,Malware Detection,Medium,Endpoint_D
2024-12-18 18:21:30,Policy Violation,Medium,Endpoint_C
2024-12-18 09:32:07,Policy Violation,Medium,Endpoint_C
2024-12-18 04:41:32,System Crash,Critical,Endpoint_B
2024-12-18 07:28:43,Policy Violation,Low,Endpoint_C
2024-12-18 09:07:58,Malware Detection,High,Endpoint_E
2024-12-18 19:05:10,Login Attempt,High,Endpoint_D
2024-12-18 18:17:36,Policy Violation,Medium,Endpoint_E
2024-12-18 03:25:34,Policy Violation,High,Endpoint_B
2024-12-18 07:55:02,Login Attempt,Low,Endpoint_A
2024-12-18 17:01:45,Policy Violation,Low,Endpoint_C
2024-12-18 18:35:25,Policy Violation,High,Endpoint_A
2024-12-17 20:57:34,Login Attempt,Medium,Endpoint_D
2024-12-18 02:07:39,Data Exfiltration,Critical,Endpoint_A
2024-12-18 19:41:26,Policy Violation,High,Endpoint_D
2024-12-18 20:39:06,Data Exfiltration,Medium,Endpoint_D
2024-12-18 16:48:04,Login Attempt,Low,Endpoint_B
2024-12-18 07:41:51,Data Exfiltration,Critical,Endpoint_D
2024-12-18 00:06:20,System Crash,Low,Endpoint_D
2024-12-18 07:49:29,Data Exfiltration,High,Endpoint_E
2024-12-18 10:33:35,Data Exfiltration,Low,Endpoint_E
2024-12-18 14:37:24,System Crash,High,Endpoint_E
2024-12-18 06:29:27,Malware Detection,Low,Endpoint_E
2024-12-18 14:03:20,Malware Detection,Medium,Endpoint_D
2024-12-18 06:58:34,System Crash,Critical,Endpoint_D
2024-12-18 07:27:54,System Crash,High,Endpoint_D
2024-12-18 00:28:37,Login Attempt,High,Endpoint_A
2024-12-18 18:44:46,Policy Violation,Medium,Endpoint_E
2024-12-18 06:57:06,Malware Detection,Critical,Endpoint_A
2024-12-17 21:22:02,Malware Detection,Low,Endpoint_E
2024-12-18 04:46:10,System Crash,Critical,Endpoint_A
2024-12-18 01:14:20,Policy Violation,Medium,Endpoint_E
2024-12-18 14:56:54,System Crash,High,Endpoint_B
2024-12-18 06:51:35,System Crash,Critical,Endpoint_A
2024-12-18 20:19:12,Malware Detection,Critical,Endpoint_C
2024-12-17 22:36:56,Data Exfiltration,Medium,Endpoint_B
2024-12-18 16:43:53,Policy Violation,Critical,Endpoint_A
2024-12-18 08:13:49,Login Attempt,High,Endpoint_E
2024-12-17 22:56:05,System Crash,Critical,Endpoint_E
2024-12-18 12:42:09,Malware Detection,Critical,Endpoint_B
2024-12-18 19:36:44,Data Exfiltration,High,Endpoint_A
2024-12-18 10:06:33,Policy Violation,Medium,Endpoint_D
2024-12-18 02:46:20,System Crash,High,Endpoint_E
2024-12-18 07:30:00,Login Attempt,Medium,Endpoint_D
2024-12-18 04:22:42,Data Exfiltration,Critical,Endpoint_B
2024-12-17 21:44:58,Policy Violation,Medium,Endpoint_C
2024-12-18 20:01:01,Malware Detection,Low,Endpoint_C
2024-12-18 15:13:31,Login Attempt,Medium,Endpoint_C
2024-12-18 08:34:57,Policy Violation,High,Endpoint_C
2024-12-18 10:58:28,Policy Violation,High,Endpoint_C
2024-12-18 19:10:30,Malware Detection,Critical,Endpoint_C
2024-12-18 11:57:22,Malware Detection,Medium,Endpoint_D
2024-12-18 16:56:18,Policy Violation,Medium,Endpoint_D
2024-12-18 12:53:10,Data Exfiltration,Medium,Endpoint_C
2024-12-18 02:18:18,Data Exfiltration,High,Endpoint_E
2024-12-17 22:56:42,Data Exfiltration,High,Endpoint_C
2024-12-18 16:59:17,Malware Detection,High,Endpoint_D
2024-12-18 13:10:43,Data Exfiltration,Critical,Endpoint_C
2024-12-17 22:29:14,Policy Violation,High,Endpoint_E
2024-12-18 11:10:50,Login Attempt,Low,Endpoint_D
2024-12-18 02:25:43,System Crash,Critical,Endpoint_B
2024-12-18 14:43:35,System Crash,High,Endpoint_A
2024-12-18 06:56:24,Login Attempt,Critical,Endpoint_E
2024-12-18 14:46:58,System Crash,Low,Endpoint_C
2024-12-18 04:18:03,Policy Violation,Low,Endpoint_A
2024-12-18 11:27:16,Login Attempt,Low,Endpoint_D
2024-12-18 09:51:01,System Crash,Critical,Endpoint_B
2024-12-18 02:03:42,Policy Violation,Medium,Endpoint_E
2024-12-18 06:55:45,System Crash,Low,Endpoint_B
2024-12-18 14:28:48,Malware Detection,High,Endpoint_B
2024-12-18 03:26:49,Data Exfiltration,Critical,Endpoint_D
2024-12-18 18:16:31,Policy Violation,Medium,Endpoint_D
2024-12-17 23:47:21,Login Attempt,Critical,Endpoint_A
2024-12-18 08:27:47,Data Exfiltration,Low,Endpoint_C
2024-12-18 05:30:37,Data Exfiltration,Critical,Endpoint_A
2024-12-18 10:34:39,Data Exfiltration,Critical,Endpoint_B
2024-12-18 03:17:41,Data Exfiltration,Low,Endpoint_E
2024-12-18 04:20:07,System Crash,Medium,Endpoint_D
2024-12-17 22:39:05,Malware Detection,Medium,Endpoint_D
2024-12-17 20:58:30,Malware Detection,Critical,Endpoint_A
2024-12-18 02:43:37,System Crash,High,Endpoint_A
2024-12-18 00:06:48,Malware Detection,Critical,Endpoint_D
2024-12-18 04:10:46,Policy Violation,Low,Endpoint_D
2024-12-18 11:05:49,Login Attempt,Low,Endpoint_C
2024-12-18 15:34:31,Data Exfiltration,Medium,Endpoint_D
2024-12-17 22:26:45,Malware Detection,High,Endpoint_B
2024-12-18 19:17:02,Malware Detection,High,Endpoint_A
2024-12-18 01:20:53,Data Exfiltration,Low,Endpoint_A
2024-12-18 20:35:02,Policy Violation,Medium,Endpoint_A
2024-12-18 12:49:11,Policy Violation,High,Endpoint_A
2024-12-18 00:43:38,Malware Detection,Medium,Endpoint_A
2024-12-18 01:33:56,System Crash,Critical,Endpoint_E
2024-12-18 17:52:53,Policy Violation,Critical,Endpoint_D
2024-12-18 01:42:21,Data Exfiltration,Low,Endpoint_E
2024-12-18 02:42:10,System Crash,Medium,Endpoint_A
2024-12-18 05:39:17,Policy Violation,High,Endpoint_A
2024-12-18 01:35:58,System Crash,High,Endpoint_A
2024-12-18 05:49:07,Policy Violation,High,Endpoint_E
2024-12-18 02:32:52,System Crash,Medium,Endpoint_A
2024-12-18 02:59:59,Login Attempt,Low,Endpoint_B
2024-12-18 14:49:32,Login Attempt,High,Endpoint_E
2024-12-17 21:14:10,Login Attempt,Critical,Endpoint_E
2024-12-18 04:24:44,Malware Detection,Critical,Endpoint_E
2024-12-18 19:42:11,Login Attempt,Medium,Endpoint_B
2024-12-18 19:15:24,Malware Detection,High,Endpoint_E
2024-12-18 05:33:26,Malware Detection,Low,Endpoint_E
2024-12-17 23:27:49,System Crash,Low,Endpoint_D
2024-12-18 05:47:04,Data Exfiltration,High,Endpoint_B
2024-12-18 07:26:14,System Crash,Critical,Endpoint_D
2024-12-18 03:39:05,Data Exfiltration,Critical,Endpoint_C
2024-12-18 19:12:45,System Crash,Critical,Endpoint_B
2024-12-18 05:26:30,Policy Violation,Critical,Endpoint_E
2024-12-18 16:57:43,Policy Violation,Low,Endpoint_E
2024-12-18 19:10:51,Login Attempt,Critical,Endpoint_D
2024-12-18 11:28:24,System Crash,Low,Endpoint_C
2024-12-18 17:52:28,System Crash,Medium,Endpoint_A
2024-12-18 12:39:35,System Crash,Medium,Endpoint_A
2024-12-18 12:07:07,Data Exfiltration,Critical,Endpoint_C
2024-12-18 18:35:48,Login Attempt,Critical,Endpoint_C
2024-12-18 05:51:58,Login Attempt,High,Endpoint_D
2024-12-17 22:21:22,Malware Detection,Medium,Endpoint_A
2024-12-18 17:12:46,Malware Detection,Critical,Endpoint_E
2024-12-18 05:39:36,Login Attempt,High,Endpoint_C
2024-12-18 06:54:03,Data Exfiltration,Medium,Endpoint_C
2024-12-18 11:47:14,Policy Violation,Low,Endpoint_C
2024-12-18 20:07:32,Malware Detection,High,Endpoint_E
2024-12-17 23:50:53,Policy Violation,Critical,Endpoint_B
2024-12-18 11:42:54,Policy Violation,Medium,Endpoint_E
2024-12-18 02:16:35,Malware Detection,Low,Endpoint_C
2024-12-18 14:04:56,Data Exfiltration,High,Endpoint_E
2024-12-18 18:56:43,System Crash,Low,Endpoint_C
2024-12-18 06:04:40,Login Attempt,Critical,Endpoint_B
2024-12-18 04:57:38,Login Attempt,High,Endpoint_C
2024-12-18 18:01:30,Login Attempt,Critical,Endpoint_E
2024-12-18 18:02:36,Policy Violation,High,Endpoint_A
2024-12-18 06:26:23,Malware Detection,Medium,Endpoint_D
2024-12-18 14:22:01,Data Exfiltration,Critical,Endpoint_C
2024-12-18 09:30:19,Malware Detection,High,Endpoint_A
2024-12-18 06:50:03,Login Attempt,Medium,Endpoint_A
2024-12-18 20:06:35,Malware Detection,Low,Endpoint_B
2024-12-18 17:48:44,Data Exfiltration,Medium,Endpoint_D
2024-12-18 02:27:18,Data Exfiltration,Critical,Endpoint_C
2024-12-18 04:42:35,Data Exfiltration,High,Endpoint_E
2024-12-18 10:44:44,System Crash,Critical,Endpoint_D
2024-12-18 01:31:00,Data Exfiltration,Low,Endpoint_E
2024-12-18 03:09:19,Policy Violation,Medium,Endpoint_A
2024-12-18 19:08:31,System Crash,Low,Endpoint_E
2024-12-18 10:34:37,Login Attempt,Critical,Endpoint_C
2024-12-18 14:42:50,Login Attempt,Low,Endpoint_A
2024-12-17 21:01:29,System Crash,Low,Endpoint_A
2024-12-18 06:52:18,Login Attempt,Medium,Endpoint_C
2024-12-18 07:19:21,System Crash,Critical,Endpoint_D
2024-12-18 16:56:01,Data Exfiltration,Medium,Endpoint_E
2024-12-18 18:54:49,Policy Violation,High,Endpoint_E
2024-12-18 19:24:07,Malware Detection,High,Endpoint_A
2024-12-18 18:15:10,Login Attempt,High,Endpoint_C
2024-12-18 12:25:35,Login Attempt,Medium,Endpoint_B
2024-12-18 00:07:46,Login Attempt,High,Endpoint_D
2024-12-18 09:20:12,System Crash,Critical,Endpoint_B
2024-12-18 16:53:06,Login Attempt,Critical,Endpoint_E
2024-12-18 10:56:04,Login Attempt,Critical,Endpoint_A
2024-12-18 15:18:32,Login Attempt,Medium,Endpoint_B
2024-12-18 10:39:05,Data Exfiltration,High,Endpoint_B
2024-12-18 06:32:06,Malware Detection,High,Endpoint_A
2024-12-18 13:03:36,Data Exfiltration,Critical,Endpoint_C
2024-12-18 11:29:44,Data Exfiltration,High,Endpoint_A
2024-12-18 19:34:01,Policy Violation,High,Endpoint_A
2024-12-18 17:05:51,System Crash,Low,Endpoint_D
2024-12-18 07:24:42,Policy Violation,Critical,Endpoint_A
2024-12-18 06:02:48,Login Attempt,Critical,Endpoint_C
2024-12-18 01:30:10,Data Exfiltration,High,Endpoint_C
2024-12-18 01:29:47,Login Attempt,High,Endpoint_E
2024-12-18 03:53:03,System Crash,High,Endpoint_E
2024-12-18 15:01:57,Malware Detection,Critical,Endpoint_A
2024-12-18 03:23:15,Policy Violation,High,Endpoint_E
2024-12-18 18:15:29,Data Exfiltration,Critical,Endpoint_B
2024-12-18 18:41:18,Malware Detection,Critical,Endpoint_A
2024-12-17 23:09:23,System Crash,High,Endpoint_A
2024-12-18 05:51:00,Malware Detection,Medium,Endpoint_A
2024-12-18 08:35:38,Malware Detection,Low,Endpoint_A
2024-12-18 15:56:27,Policy Violation,High,Endpoint_C
2024-12-18 19:15:26,Data Exfiltration,Critical,Endpoint_B
2024-12-17 22:22:32,Data Exfiltration,Critical,Endpoint_D
2024-12-18 18:41:37,System Crash,Critical,Endpoint_D
2024-12-18 12:47:18,System Crash,High,Endpoint_E
2024-12-18 02:33:33,Policy Violation,High,Endpoint_B
2024-12-18 08:58:01,Malware Detection,High,Endpoint_B
2024-12-18 01:59:02,Policy Violation,Critical,Endpoint_E
2024-12-18 19:23:42,Malware Detection,High,Endpoint_E
2024-12-18 14:22:24,System Crash,High,Endpoint_C
2024-12-18 16:45:29,System Crash,High,Endpoint_C
2024-12-18 12:34:11,Login Attempt,Medium,Endpoint_C
2024-12-17 22:03:03,Data Exfiltration,High,Endpoint_A
2024-12-18 13:44:29,Policy Violation,Medium,Endpoint_B
2024-12-18 07:18:47,Login Attempt,Critical,Endpoint_E
2024-12-18 17:02:16,Login Attempt,High,Endpoint_B
2024-12-18 15:20:34,Login Attempt,Critical,Endpoint_D
2024-12-17 21:20:44,Data Exfiltration,Medium,Endpoint_B
2024-12-18 03:50:19,Malware Detection,Medium,Endpoint_C
2024-12-18 04:59:11,Malware Detection,Medium,Endpoint_A
2024-12-18 14:02:43,Data Exfiltration,Medium,Endpoint_B
2024-12-18 00:53:08,Login Attempt,Medium,Endpoint_E
2024-12-18 12:03:46,Login Attempt,Medium,Endpoint_B
2024-12-17 23:47:06,Login Attempt,Low,Endpoint_E
2024-12-17 21:25:03,System Crash,Low,Endpoint_B
2024-12-18 10:32:23,Malware Detection,High,Endpoint_C
2024-12-18 20:43:57,Policy Violation,Medium,Endpoint_A
2024-12-17 20:48:05,Data Exfiltration,Medium,Endpoint_A
2024-12-18 15:42:42,System Crash,Low,Endpoint_A
2024-12-18 16:13:41,Malware Detection,High,Endpoint_D
2024-12-18 00:53:12,Data Exfiltration,Critical,Endpoint_E
2024-12-18 00:21:11,Malware Detection,Low,Endpoint_C
2024-12-18 08:27:36,Policy Violation,Medium,Endpoint_B
2024-12-17 22:03:29,Login Attempt,High,Endpoint_A
2024-12-18 06:31:35,Data Exfiltration,Critical,Endpoint_A
2024-12-17 23:14:33,Login Attempt,Critical,Endpoint_B
2024-12-18 02:31:43,Malware Detection,Critical,Endpoint_E
2024-12-18 05:46:41,Login Attempt,High,Endpoint_B
2024-12-18 16:55:21,Policy Violation,Low,Endpoint_B
2024-12-18 15:08:02,Login Attempt,Critical,Endpoint_E
2024-12-18 18:58:49,Policy Violation,Low,Endpoint_E
2024-12-18 11:43:13,Login Attempt,Low,Endpoint_A
2024-12-17 22:17:29,Malware Detection,High,Endpoint_E
2024-12-18 04:49:01,System Crash,Critical,Endpoint_E
2024-12-18 12:58:12,Policy Violation,Medium,Endpoint_C
2024-12-18 05:51:01,Login Attempt,Medium,Endpoint_E
2024-12-18 18:50:12,System Crash,High,Endpoint_C
2024-12-18 03:49:01,Data Exfiltration,Medium,Endpoint_A
2024-12-18 19:22:39,System Crash,Critical,Endpoint_A
2024-12-18 08:11:09,Malware Detection,Critical,Endpoint_D
2024-12-18 13:17:19,Data Exfiltration,Medium,Endpoint_B
2024-12-17 21:47:29,System Crash,Medium,Endpoint_C
2024-12-18 15:14:58,Malware Detection,Low,Endpoint_D
2024-12-18 13:31:20,Data Exfiltration,Low,Endpoint_A
2024-12-18 03:08:23,Data Exfiltration,Critical,Endpoint_E
2024-12-18 11:49:20,System Crash,Medium,Endpoint_E
2024-12-18 13:19:01,Login Attempt,Critical,Endpoint_D
2024-12-18 06:08:43,Malware Detection,High,Endpoint_D
2024-12-18 04:27:07,Data Exfiltration,Critical,Endpoint_B
2024-12-18 03:09:24,Data Exfiltration,Medium,Endpoint_C
2024-12-17 20:56:46,System Crash,High,Endpoint_E
2024-12-18 10:27:12,Login Attempt,High,Endpoint_A
2024-12-18 03:51:52,Malware Detection,High,Endpoint_A
2024-12-18 04:45:43,Login Attempt,High,Endpoint_C
2024-12-18 00:00:57,Policy Violation,High,Endpoint_D
2024-12-18 10:26:50,Malware Detection,High,Endpoint_E
2024-12-17 21:44:10,System Crash,High,Endpoint_D
2024-12-18 16:24:32,Data Exfiltration,Critical,Endpoint_B
2024-12-18 15:52:02,Policy Violation,Critical,Endpoint_C
2024-12-18 19:02:14,Policy Violation,High,Endpoint_B
2024-12-18 08:53:03,Malware Detection,Critical,Endpoint_E
2024-12-18 10:11:35,Data Exfiltration,Medium,Endpoint_E
2024-12-17 21:03:45,Login Attempt,High,Endpoint_D
2024-12-18 10:01:19,Login Attempt,Critical,Endpoint_D
2024-12-18 01:21:20,System Crash,High,Endpoint_C
2024-12-17 23:36:51,System Crash,Critical,Endpoint_B
2024-12-18 04:23:09,Malware Detection,Low,Endpoint_C
2024-12-18 15:53:03,Malware Detection,Medium,Endpoint_B
2024-12-18 06:27:03,Login Attempt,Critical,Endpoint_B
2024-12-18 03:26:07,Malware Detection,Critical,Endpoint_D
2024-12-18 00:54:53,Data Exfiltration,Low,Endpoint_A
2024-12-18 16:15:25,Malware Detection,Medium,Endpoint_B
2024-12-18 13:18:37,System Crash,Medium,Endpoint_A
2024-12-18 15:32:08,Login Attempt,Medium,Endpoint_B
2024-12-18 09:41:37,Malware Detection,Low,Endpoint_C
2024-12-17 21:59:46,Malware Detection,High,Endpoint_C
2024-12-18 03:20:21,System Crash,High,Endpoint_A
2024-12-18 12:25:40,Login Attempt,High,Endpoint_C
2024-12-18 11:39:37,Login Attempt,High,Endpoint_E
2024-12-18 06:34:25,Login Attempt,High,Endpoint_D
2024-12-18 10:00:31,Malware Detection,High,Endpoint_A
2024-12-18 13:52:22,Login Attempt,Critical,Endpoint_A
2024-12-18 04:38:50,System Crash,Critical,Endpoint_E
2024-12-18 03:58:13,System Crash,Low,Endpoint_E
2024-12-17 23:51:55,Malware Detection,Critical,Endpoint_E
2024-12-18 13:49:05,Policy Violation,Critical,Endpoint_D
2024-12-18 15:40:45,Malware Detection,Low,Endpoint_E
2024-12-18 06:59:28,Data Exfiltration,Low,Endpoint_A
2024-12-18 13:30:02,Login Attempt,High,Endpoint_E
2024-12-18 09:41:49,Policy Violation,High,Endpoint_A
2024-12-17 22:13:54,Login Attempt,High,Endpoint_B
2024-12-18 01:51:57,Policy Violation,High,Endpoint_C
2024-12-18 02:53:52,Policy Violation,Low,Endpoint_D
2024-12-18 03:01:29,Policy Violation,Medium,Endpoint_A
2024-12-18 19:39:59,Login Attempt,Critical,Endpoint_B
2024-12-18 19:58:43,Data Exfiltration,Low,Endpoint_D
2024-12-18 12:44:43,System Crash,Critical,Endpoint_D
2024-12-18 16:50:01,Policy Violation,High,Endpoint_C
2024-12-18 09:47:37,Policy Violation,Medium,Endpoint_D
2024-12-18 05:43:50,Malware Detection,Critical,Endpoint_B
2024-12-18 15:03:30,System Crash,Medium,Endpoint_B
2024-12-18 06:23:57,Malware Detection,High,Endpoint_A
2024-12-18 02:00:22,Policy Violation,High,Endpoint_A
2024-12-18 18:54:45,Login Attempt,Low,Endpoint_A
2024-12-17 21:37:02,Policy Violation,Low,Endpoint_D
2024-12-18 15:51:21,Policy Violation,High,Endpoint_D
2024-12-18 10:03:26,System Crash,Critical,Endpoint_C
2024-12-18 19:22:49,Login Attempt,Low,Endpoint_B
2024-12-18 06:19:38,System Crash,Low,Endpoint_A
2024-12-18 04:03:42,System Crash,Medium,Endpoint_A
2024-12-18 15:45:17,Policy Violation,Low,Endpoint_D
2024-12-18 16:03:30,System Crash,High,Endpoint_D
2024-12-18 00:13:59,System Crash,High,Endpoint_E
2024-12-18 14:48:04,System Crash,Medium,Endpoint_E
2024-12-18 17:42:02,Malware Detection,High,Endpoint_E
2024-12-18 19:13:20,Login Attempt,Critical,Endpoint_D
2024-12-18 10:33:58,Policy Violation,High,Endpoint_B
2024-12-18 19:33:37,Policy Violation,Critical,Endpoint_E
2024-12-18 16:23:25,Data Exfiltration,Low,Endpoint_B
2024-12-17 22:49:11,Data Exfiltration,High,Endpoint_E
2024-12-18 18:47:11,Login Attempt,Low,Endpoint_C
2024-12-18 00:15:26,Data Exfiltration,Medium,Endpoint_D
2024-12-18 16:51:47,System Crash,Medium,Endpoint_E
2024-12-18 16:09:13,System Crash,Medium,Endpoint_D
2024-12-18 01:18:36,Data Exfiltration,Low,Endpoint_C
2024-12-18 01:58:58,Data Exfiltration,Medium,Endpoint_B
2024-12-18 02:30:30,Login Attempt,Low,Endpoint_D
2024-12-18 12:43:56,System Crash,Medium,Endpoint_C
2024-12-18 15:31:57,Data Exfiltration,Low,Endpoint_A
2024-12-18 08:36:28,Login Attempt,Critical,Endpoint_D
2024-12-18 09:32:08,Malware Detection,High,Endpoint_D
2024-12-18 05:32:50,Login Attempt,Critical,Endpoint_B
2024-12-18 08:14:51,Malware Detection,Low,Endpoint_E
2024-12-18 10:13:36,Policy Violation,Critical,Endpoint_A
2024-12-18 11:36:38,Login Attempt,Critical,Endpoint_B
2024-12-18 14:10:13,Malware Detection,Medium,Endpoint_D
2024-12-17 21:00:51,System Crash,Critical,Endpoint_B
2024-12-18 16:32:46,Policy Violation,Low,Endpoint_A
2024-12-18 13:02:43,Login Attempt,Medium,Endpoint_C
2024-12-18 10:46:32,Login Attempt,Critical,Endpoint_B
2024-12-18 10:27:22,Data Exfiltration,High,Endpoint_E
2024-12-18 18:57:58,Malware Detection,Critical,Endpoint_C
2024-12-18 11:04:57,System Crash,High,Endpoint_C
2024-12-17 21:23:36,Malware Detection,High,Endpoint_A
2024-12-18 06:49:39,Policy Violation,Medium,Endpoint_B
2024-12-17 21:30:52,Data Exfiltration,Low,Endpoint_D
2024-12-18 19:22:37,System Crash,High,Endpoint_B
2024-12-17 21:19:25,Policy Violation,Critical,Endpoint_C
2024-12-18 16:47:13,Data Exfiltration,Medium,Endpoint_D
2024-12-17 23:34:13,System Crash,High,Endpoint_A
2024-12-18 03:54:36,Data Exfiltration,Low,Endpoint_B
2024-12-18 16:34:13,Malware Detection,Critical,Endpoint_E
2024-12-18 08:08:42,System Crash,Medium,Endpoint_C
2024-12-18 06:34:37,Malware Detection,Medium,Endpoint_A
2024-12-18 02:06:50,Login Attempt,Low,Endpoint_A
2024-12-18 01:32:09,System Crash,Medium,Endpoint_E
2024-12-18 18:42:12,Data Exfiltration,High,Endpoint_E
2024-12-17 23:05:46,Malware Detection,Medium,Endpoint_D
2024-12-17 21:57:27,Login Attempt,Medium,Endpoint_C
2024-12-18 11:00:49,Data Exfiltration,Critical,Endpoint_C
2024-12-18 16:19:26,System Crash,Low,Endpoint_D
2024-12-18 19:53:47,System Crash,Medium,Endpoint_E
2024-12-18 04:04:49,System Crash,Critical,Endpoint_B
2024-12-18 09:39:53,System Crash,Medium,Endpoint_C
2024-12-18 18:43:55,System Crash,Critical,Endpoint_D
2024-12-18 06:19:53,Malware Detection,Medium,Endpoint_C
2024-12-18 04:29:36,Policy Violation,Critical,Endpoint_C
2024-12-18 00:48:27,Malware Detection,Medium,Endpoint_E
2024-12-17 23:41:01,System Crash,Low,Endpoint_E
2024-12-18 15:46:39,Anomalous Event,Critical,Endpoint_X
2024-12-18 15:44:42,Anomalous Event,Critical,Endpoint_X
2024-12-18 17:36:13,Anomalous Event,Critical,Endpoint_X
2024-12-18 17:11:13,Anomalous Event,Critical,Endpoint_X
2024-12-17 21:51:35,Anomalous Event,Critical,Endpoint_X
