Timestamp,Event Count,Event Type,Severity,Source IP
01-01-2023 00:00,1,Login Attempt,Medium,192.168.1.97
01-01-2023 00:01,11,File Access,Critical,192.168.1.20
01-01-2023 00:02,5,Login Attempt,High,192.168.1.5
01-01-2023 00:03,5,Network Scan,High,192.168.1.24
01-01-2023 00:04,4,Network Scan,Critical,192.168.1.99
01-01-2023 00:05,4,File Access,High,192.168.1.30
01-01-2023 00:06,4,Malware Detection,High,192.168.1.28
01-01-2023 00:07,3,Malware Detection,High,192.168.1.53
01-01-2023 00:08,5,Login Attempt,Critical,192.168.1.51
01-01-2023 00:09,9,Malware Detection,Critical,192.168.1.7
01-01-2023 00:10,5,Malware Detection,Medium,192.168.1.42
01-01-2023 00:11,2,Network Scan,Critical,192.168.1.35
01-01-2023 00:12,6,File Access,Critical,192.168.1.94
01-01-2023 00:13,7,Network Scan,Medium,192.168.1.34
01-01-2023 00:14,5,File Access,Critical,192.168.1.73
01-01-2023 00:15,7,Login Attempt,High,192.168.1.76
01-01-2023 00:16,7,Network Scan,Low,192.168.1.54
01-01-2023 00:17,8,File Access,Medium,192.168.1.29
01-01-2023 00:18,7,Malware Detection,Low,192.168.1.10
01-01-2023 00:19,3,File Access,Low,192.168.1.27
01-01-2023 00:20,4,Malware Detection,Medium,192.168.1.83
01-01-2023 00:21,4,Login Attempt,Low,192.168.1.13
01-01-2023 00:22,3,Malware Detection,Low,192.168.1.42
01-01-2023 00:23,7,File Access,Medium,192.168.1.37
01-01-2023 00:24,7,Network Scan,Medium,192.168.1.61
01-01-2023 00:25,3,File Access,High,192.168.1.96
01-01-2023 00:26,7,Network Scan,Medium,192.168.1.79
01-01-2023 00:27,8,File Access,Critical,192.168.1.21
01-01-2023 00:28,3,File Access,Low,192.168.1.3
01-01-2023 00:29,4,Login Attempt,Medium,192.168.1.8
01-01-2023 00:30,7,Malware Detection,High,192.168.1.70
01-01-2023 00:31,1,File Access,Medium,192.168.1.93
01-01-2023 00:32,4,Network Scan,Low,192.168.1.83
01-01-2023 00:33,2,Malware Detection,Medium,192.168.1.17
01-01-2023 00:34,2,Login Attempt,Low,192.168.1.10
01-01-2023 00:35,5,Malware Detection,Medium,192.168.1.97
01-01-2023 00:36,6,File Access,High,192.168.1.13
01-01-2023 00:37,5,Network Scan,Critical,192.168.1.91
01-01-2023 00:38,4,Network Scan,High,192.168.1.12
01-01-2023 00:39,5,Malware Detection,Medium,192.168.1.66
01-01-2023 00:40,7,Network Scan,Low,192.168.1.74
01-01-2023 00:41,4,File Access,High,192.168.1.85
01-01-2023 00:42,2,Network Scan,Critical,192.168.1.23
01-01-2023 00:43,9,Network Scan,Critical,192.168.1.65
01-01-2023 00:44,4,Network Scan,Low,192.168.1.97
01-01-2023 00:45,3,File Access,Medium,192.168.1.52
01-01-2023 00:46,4,Login Attempt,High,192.168.1.61
01-01-2023 00:47,4,Network Scan,High,192.168.1.26
01-01-2023 00:48,6,Login Attempt,Low,192.168.1.15
01-01-2023 00:49,4,Malware Detection,High,192.168.1.22
01-01-2023 00:50,6,Malware Detection,Low,192.168.1.89
01-01-2023 00:51,9,File Access,Low,192.168.1.65
01-01-2023 00:52,3,File Access,Medium,192.168.1.26
01-01-2023 00:53,3,File Access,Low,192.168.1.21
01-01-2023 00:54,200,File Access,High,192.168.1.24
01-01-2023 00:55,6,Login Attempt,Low,192.168.1.16
01-01-2023 00:56,1,File Access,High,192.168.1.32
01-01-2023 00:57,7,Login Attempt,Low,192.168.1.16
01-01-2023 00:58,5,Network Scan,Medium,192.168.1.77
01-01-2023 00:59,7,Network Scan,Medium,192.168.1.42
01-01-2023 01:00,5,Malware Detection,Low,192.168.1.32
01-01-2023 01:01,2,Malware Detection,Low,192.168.1.50
01-01-2023 01:02,6,Login Attempt,Low,192.168.1.41
01-01-2023 01:03,7,File Access,Medium,192.168.1.24
01-01-2023 01:04,5,Malware Detection,Critical,192.168.1.13
01-01-2023 01:05,6,Login Attempt,Low,192.168.1.75
01-01-2023 01:06,5,Malware Detection,Critical,192.168.1.79
01-01-2023 01:07,6,File Access,Low,192.168.1.10
01-01-2023 01:08,3,Login Attempt,High,192.168.1.42
01-01-2023 01:09,4,Malware Detection,Medium,192.168.1.41
01-01-2023 01:10,5,File Access,Critical,192.168.1.3
01-01-2023 01:11,8,Login Attempt,Critical,192.168.1.55
01-01-2023 01:12,10,Login Attempt,Medium,192.168.1.16
01-01-2023 01:13,5,Login Attempt,Critical,192.168.1.44
01-01-2023 01:14,3,Network Scan,Low,192.168.1.81
01-01-2023 01:15,7,Login Attempt,Critical,192.168.1.89
01-01-2023 01:16,2,Malware Detection,Low,192.168.1.30
01-01-2023 01:17,6,Login Attempt,Critical,192.168.1.99
01-01-2023 01:18,6,Login Attempt,High,192.168.1.37
01-01-2023 01:19,6,Login Attempt,Critical,192.168.1.60
01-01-2023 01:20,5,Login Attempt,Critical,192.168.1.77
01-01-2023 01:21,0,Login Attempt,Low,192.168.1.24
01-01-2023 01:22,6,Network Scan,Medium,192.168.1.26
01-01-2023 01:23,4,File Access,High,192.168.1.58
01-01-2023 01:24,6,Network Scan,Medium,192.168.1.9
01-01-2023 01:25,3,Malware Detection,Low,192.168.1.61
01-01-2023 01:26,6,File Access,High,192.168.1.19
01-01-2023 01:27,3,Malware Detection,Critical,192.168.1.28
01-01-2023 01:28,5,Login Attempt,Medium,192.168.1.7
01-01-2023 01:29,2,Malware Detection,Medium,192.168.1.45
01-01-2023 01:30,4,Network Scan,Medium,192.168.1.86
01-01-2023 01:31,7,Network Scan,Critical,192.168.1.94
01-01-2023 01:32,6,Login Attempt,Low,192.168.1.63
01-01-2023 01:33,7,Login Attempt,Critical,192.168.1.37
01-01-2023 01:34,6,File Access,Critical,192.168.1.16
01-01-2023 01:35,2,Network Scan,Low,192.168.1.100
01-01-2023 01:36,0,Network Scan,Low,192.168.1.5
01-01-2023 01:37,4,File Access,Critical,192.168.1.29
01-01-2023 01:38,5,Network Scan,Low,192.168.1.52
01-01-2023 01:39,2,File Access,Medium,192.168.1.23
01-01-2023 01:40,3,Network Scan,High,192.168.1.6
01-01-2023 01:41,6,Malware Detection,Low,192.168.1.36
01-01-2023 01:42,9,Malware Detection,High,192.168.1.57
01-01-2023 01:43,6,File Access,Medium,192.168.1.33
01-01-2023 01:44,4,File Access,Low,192.168.1.49
01-01-2023 01:45,2,Login Attempt,Critical,192.168.1.41
01-01-2023 01:46,6,Network Scan,Critical,192.168.1.80
01-01-2023 01:47,7,Malware Detection,Medium,192.168.1.55
01-01-2023 01:48,2,Login Attempt,Low,192.168.1.98
01-01-2023 01:49,6,Network Scan,Critical,192.168.1.26
01-01-2023 01:50,8,Malware Detection,Low,192.168.1.37
01-01-2023 01:51,4,Network Scan,High,192.168.1.77
01-01-2023 01:52,6,File Access,Critical,192.168.1.17
01-01-2023 01:53,6,Malware Detection,Medium,192.168.1.96
01-01-2023 01:54,1,Malware Detection,Critical,192.168.1.32
01-01-2023 01:55,7,Login Attempt,Medium,192.168.1.28
01-01-2023 01:56,6,Network Scan,Medium,192.168.1.93
01-01-2023 01:57,5,File Access,High,192.168.1.25
01-01-2023 01:58,3,File Access,High,192.168.1.47
01-01-2023 01:59,7,Network Scan,Medium,192.168.1.22
01-01-2023 02:00,4,Network Scan,Critical,192.168.1.91
01-01-2023 02:01,2,File Access,Medium,192.168.1.61
01-01-2023 02:02,7,Network Scan,Low,192.168.1.44
01-01-2023 02:03,5,Login Attempt,Low,192.168.1.20
01-01-2023 02:04,8,Network Scan,Critical,192.168.1.50
01-01-2023 02:05,7,Login Attempt,Critical,192.168.1.88
01-01-2023 02:06,5,Login Attempt,High,192.168.1.47
01-01-2023 02:07,4,Network Scan,Low,192.168.1.47
01-01-2023 02:08,3,Malware Detection,Medium,192.168.1.72
01-01-2023 02:09,9,Malware Detection,Medium,192.168.1.51
01-01-2023 02:10,4,Login Attempt,Low,192.168.1.55
01-01-2023 02:11,8,Network Scan,Low,192.168.1.78
01-01-2023 02:12,4,Login Attempt,High,192.168.1.39
01-01-2023 02:13,2,Network Scan,Low,192.168.1.14
01-01-2023 02:14,2,Network Scan,High,192.168.1.69
01-01-2023 02:15,5,File Access,Critical,192.168.1.47
01-01-2023 02:16,8,Malware Detection,Critical,192.168.1.21
01-01-2023 02:17,5,Malware Detection,Low,192.168.1.15
01-01-2023 02:18,6,File Access,Low,192.168.1.100
01-01-2023 02:19,3,File Access,Low,192.168.1.97
01-01-2023 02:20,5,File Access,Low,192.168.1.81
01-01-2023 02:21,8,Login Attempt,Medium,192.168.1.84
01-01-2023 02:22,4,Login Attempt,Medium,192.168.1.1
01-01-2023 02:23,5,Login Attempt,Critical,192.168.1.80
01-01-2023 02:24,1,Login Attempt,Medium,192.168.1.82
01-01-2023 02:25,5,Login Attempt,Low,192.168.1.10
01-01-2023 02:26,6,Malware Detection,High,192.168.1.23
01-01-2023 02:27,3,Malware Detection,Critical,192.168.1.18
01-01-2023 02:28,6,Network Scan,Low,192.168.1.58
01-01-2023 02:29,5,Malware Detection,Medium,192.168.1.73
01-01-2023 02:30,5,File Access,High,192.168.1.94
01-01-2023 02:31,6,Malware Detection,High,192.168.1.77
01-01-2023 02:32,6,File Access,Medium,192.168.1.52
01-01-2023 02:33,7,Malware Detection,Low,192.168.1.95
01-01-2023 02:34,6,Login Attempt,High,192.168.1.46
01-01-2023 02:35,5,Malware Detection,High,192.168.1.13
01-01-2023 02:36,6,Network Scan,Medium,192.168.1.96
01-01-2023 02:37,6,Login Attempt,High,192.168.1.17
01-01-2023 02:38,5,Login Attempt,High,192.168.1.67
01-01-2023 02:39,10,Network Scan,High,192.168.1.61
01-01-2023 02:40,4,Malware Detection,Critical,192.168.1.65
01-01-2023 02:41,8,Malware Detection,Low,192.168.1.53
01-01-2023 02:42,6,Network Scan,Low,192.168.1.5
01-01-2023 02:43,4,Login Attempt,Medium,192.168.1.32
01-01-2023 02:44,5,Network Scan,Low,192.168.1.89
01-01-2023 02:45,4,File Access,High,192.168.1.45
01-01-2023 02:46,6,File Access,Low,192.168.1.56
01-01-2023 02:47,2,Malware Detection,Critical,192.168.1.5
01-01-2023 02:48,2,Login Attempt,High,192.168.1.87
01-01-2023 02:49,9,File Access,High,192.168.1.76
01-01-2023 02:50,1,Network Scan,Critical,192.168.1.34
01-01-2023 02:51,3,Malware Detection,Critical,192.168.1.61
01-01-2023 02:52,4,Malware Detection,Low,192.168.1.87
01-01-2023 02:53,3,Login Attempt,Low,192.168.1.80
01-01-2023 02:54,2,File Access,Low,192.168.1.62
01-01-2023 02:55,6,Malware Detection,Critical,192.168.1.69
01-01-2023 02:56,2,Network Scan,Low,192.168.1.63
01-01-2023 02:57,7,File Access,Medium,192.168.1.44
01-01-2023 02:58,10,Malware Detection,Low,192.168.1.28
01-01-2023 02:59,1,Malware Detection,Critical,192.168.1.70
01-01-2023 03:00,2,File Access,Critical,192.168.1.13
01-01-2023 03:01,4,File Access,Medium,192.168.1.43
01-01-2023 03:02,4,Login Attempt,High,192.168.1.30
01-01-2023 03:03,8,Network Scan,Medium,192.168.1.26
01-01-2023 03:04,6,Login Attempt,Critical,192.168.1.81
01-01-2023 03:05,2,Login Attempt,High,192.168.1.63
01-01-2023 03:06,6,Network Scan,Medium,192.168.1.73
01-01-2023 03:07,8,Network Scan,Medium,192.168.1.57
01-01-2023 03:08,8,Login Attempt,High,192.168.1.64
01-01-2023 03:09,2,File Access,Medium,192.168.1.80
01-01-2023 03:10,5,Network Scan,High,192.168.1.49
01-01-2023 03:11,4,Login Attempt,Low,192.168.1.52
01-01-2023 03:12,3,File Access,High,192.168.1.63
01-01-2023 03:13,8,Malware Detection,Medium,192.168.1.82
01-01-2023 03:14,3,File Access,Low,192.168.1.13
01-01-2023 03:15,7,Login Attempt,Critical,192.168.1.93
01-01-2023 03:16,2,Network Scan,Critical,192.168.1.88
01-01-2023 03:17,1,File Access,Critical,192.168.1.45
01-01-2023 03:18,5,File Access,Medium,192.168.1.46
01-01-2023 03:19,4,File Access,Low,192.168.1.77
01-01-2023 03:20,4,Network Scan,High,192.168.1.89
01-01-2023 03:21,4,Network Scan,Critical,192.168.1.41
01-01-2023 03:22,3,File Access,Critical,192.168.1.46
01-01-2023 03:23,0,File Access,Low,192.168.1.1
01-01-2023 03:24,2,Login Attempt,Low,192.168.1.73
01-01-2023 03:25,3,Network Scan,Low,192.168.1.68
01-01-2023 03:26,4,File Access,Medium,192.168.1.92
01-01-2023 03:27,2,Network Scan,Low,192.168.1.12
01-01-2023 03:28,6,Network Scan,High,192.168.1.88
01-01-2023 03:29,5,Network Scan,High,192.168.1.73
01-01-2023 03:30,1,Login Attempt,Critical,192.168.1.35
01-01-2023 03:31,8,Malware Detection,High,192.168.1.99
01-01-2023 03:32,6,Network Scan,Low,192.168.1.33
01-01-2023 03:33,1,Network Scan,High,192.168.1.58
01-01-2023 03:34,9,File Access,Critical,192.168.1.35
01-01-2023 03:35,3,Network Scan,Medium,192.168.1.46
01-01-2023 03:36,9,Malware Detection,High,192.168.1.84
01-01-2023 03:37,4,Network Scan,Critical,192.168.1.66
01-01-2023 03:38,3,Login Attempt,Critical,192.168.1.44
01-01-2023 03:39,7,File Access,Low,192.168.1.26
01-01-2023 03:40,5,Malware Detection,Critical,192.168.1.42
01-01-2023 03:41,6,Login Attempt,High,192.168.1.77
01-01-2023 03:42,3,Malware Detection,Critical,192.168.1.30
01-01-2023 03:43,7,File Access,Critical,192.168.1.32
01-01-2023 03:44,5,Network Scan,Low,192.168.1.36
01-01-2023 03:45,8,File Access,Low,192.168.1.19
01-01-2023 03:46,7,File Access,High,192.168.1.22
01-01-2023 03:47,3,Network Scan,Critical,192.168.1.65
01-01-2023 03:48,5,Login Attempt,Medium,192.168.1.57
01-01-2023 03:49,9,Malware Detection,Critical,192.168.1.11
01-01-2023 03:50,5,Login Attempt,Medium,192.168.1.26
01-01-2023 03:51,6,Network Scan,High,192.168.1.48
01-01-2023 03:52,4,Malware Detection,Low,192.168.1.19
01-01-2023 03:53,6,Network Scan,High,192.168.1.83
01-01-2023 03:54,6,Login Attempt,Low,192.168.1.12
01-01-2023 03:55,5,File Access,Low,192.168.1.67
01-01-2023 03:56,6,Malware Detection,Critical,192.168.1.56
01-01-2023 03:57,4,Network Scan,Critical,192.168.1.18
01-01-2023 03:58,4,Malware Detection,Low,192.168.1.5
01-01-2023 03:59,7,Malware Detection,Medium,192.168.1.24
01-01-2023 04:00,7,Login Attempt,Medium,192.168.1.78
01-01-2023 04:01,5,File Access,Critical,192.168.1.38
01-01-2023 04:02,3,Malware Detection,High,192.168.1.67
01-01-2023 04:03,3,Login Attempt,Medium,192.168.1.70
01-01-2023 04:04,3,Malware Detection,Low,192.168.1.76
01-01-2023 04:05,2,File Access,Critical,192.168.1.52
01-01-2023 04:06,6,Malware Detection,Critical,192.168.1.75
01-01-2023 04:07,3,File Access,Low,192.168.1.39
01-01-2023 04:08,3,Login Attempt,High,192.168.1.59
01-01-2023 04:09,11,Login Attempt,Low,192.168.1.26
01-01-2023 04:10,4,File Access,High,192.168.1.65
01-01-2023 04:11,10,File Access,Critical,192.168.1.80
01-01-2023 04:12,8,Login Attempt,High,192.168.1.48
01-01-2023 04:13,3,File Access,Low,192.168.1.53
01-01-2023 04:14,7,File Access,Critical,192.168.1.9
01-01-2023 04:15,5,Network Scan,Medium,192.168.1.5
01-01-2023 04:16,3,Malware Detection,Critical,192.168.1.72
01-01-2023 04:17,5,Login Attempt,Low,192.168.1.61
01-01-2023 04:18,6,Login Attempt,Low,192.168.1.21
01-01-2023 04:19,5,Network Scan,Critical,192.168.1.97
01-01-2023 04:20,5,File Access,Critical,192.168.1.63
01-01-2023 04:21,2,File Access,Critical,192.168.1.20
01-01-2023 04:22,6,File Access,High,192.168.1.58
01-01-2023 04:23,5,Login Attempt,Medium,192.168.1.45
01-01-2023 04:24,4,Network Scan,High,192.168.1.22
01-01-2023 04:25,7,Malware Detection,Low,192.168.1.77
01-01-2023 04:26,5,Network Scan,Critical,192.168.1.75
01-01-2023 04:27,6,Login Attempt,High,192.168.1.82
01-01-2023 04:28,6,Malware Detection,High,192.168.1.63
01-01-2023 04:29,6,File Access,Low,192.168.1.30
01-01-2023 04:30,3,Network Scan,High,192.168.1.63
01-01-2023 04:31,5,Network Scan,Low,192.168.1.97
01-01-2023 04:32,4,Login Attempt,High,192.168.1.44
01-01-2023 04:33,8,Network Scan,Medium,192.168.1.67
01-01-2023 04:34,3,Malware Detection,Low,192.168.1.58
01-01-2023 04:35,43,Network Scan,Medium,192.168.1.65
01-01-2023 04:36,1,Login Attempt,High,192.168.1.36
01-01-2023 04:37,7,Network Scan,Medium,192.168.1.6
01-01-2023 04:38,3,Malware Detection,Medium,192.168.1.37
01-01-2023 04:39,2,Malware Detection,Medium,192.168.1.93
01-01-2023 04:40,4,Login Attempt,High,192.168.1.75
01-01-2023 04:41,6,File Access,Low,192.168.1.55
01-01-2023 04:42,2,Login Attempt,High,192.168.1.77
01-01-2023 04:43,7,File Access,High,192.168.1.75
01-01-2023 04:44,4,Malware Detection,High,192.168.1.59
01-01-2023 04:45,10,Network Scan,Low,192.168.1.38
01-01-2023 04:46,8,Network Scan,Critical,192.168.1.25
01-01-2023 04:47,6,Malware Detection,High,192.168.1.79
01-01-2023 04:48,7,Login Attempt,High,192.168.1.77
01-01-2023 04:49,3,Network Scan,Low,192.168.1.33
01-01-2023 04:50,4,Login Attempt,Critical,192.168.1.13
01-01-2023 04:51,8,Network Scan,Critical,192.168.1.38
01-01-2023 04:52,5,File Access,Critical,192.168.1.58
01-01-2023 04:53,4,Network Scan,Critical,192.168.1.88
01-01-2023 04:54,4,File Access,Low,192.168.1.20
01-01-2023 04:55,5,Network Scan,Low,192.168.1.17
01-01-2023 04:56,5,Network Scan,Critical,192.168.1.24
01-01-2023 04:57,4,Network Scan,Medium,192.168.1.26
01-01-2023 04:58,3,Network Scan,Low,192.168.1.40
01-01-2023 04:59,6,Network Scan,Medium,192.168.1.32
01-01-2023 05:00,8,Login Attempt,Medium,192.168.1.93
01-01-2023 05:01,5,File Access,Critical,192.168.1.78
01-01-2023 05:02,5,File Access,Critical,192.168.1.37
01-01-2023 05:03,3,Network Scan,High,192.168.1.86
01-01-2023 05:04,5,Login Attempt,Medium,192.168.1.98
01-01-2023 05:05,5,Login Attempt,High,192.168.1.91
01-01-2023 05:06,10,Malware Detection,Critical,192.168.1.92
01-01-2023 05:07,4,Malware Detection,Medium,192.168.1.86
01-01-2023 05:08,4,Login Attempt,Low,192.168.1.60
01-01-2023 05:09,9,Malware Detection,High,192.168.1.57
01-01-2023 05:10,5,File Access,Critical,192.168.1.58
01-01-2023 05:11,4,Login Attempt,Medium,192.168.1.67
01-01-2023 05:12,2,Malware Detection,Critical,192.168.1.22
01-01-2023 05:13,4,Login Attempt,High,192.168.1.58
01-01-2023 05:14,4,Malware Detection,Critical,192.168.1.85
01-01-2023 05:15,5,Login Attempt,Critical,192.168.1.80
01-01-2023 05:16,2,Network Scan,Low,192.168.1.73
01-01-2023 05:17,8,File Access,Critical,192.168.1.77
01-01-2023 05:18,3,Malware Detection,Medium,192.168.1.74
01-01-2023 05:19,5,Network Scan,Medium,192.168.1.49
01-01-2023 05:20,4,Login Attempt,Low,192.168.1.85
01-01-2023 05:21,5,Network Scan,Medium,192.168.1.49
01-01-2023 05:22,7,File Access,Critical,192.168.1.42
01-01-2023 05:23,6,Malware Detection,Critical,192.168.1.40
01-01-2023 05:24,7,Malware Detection,Medium,192.168.1.71
01-01-2023 05:25,3,Login Attempt,High,192.168.1.46
01-01-2023 05:26,8,File Access,Critical,192.168.1.22
01-01-2023 05:27,3,Network Scan,Medium,192.168.1.82
01-01-2023 05:28,6,Login Attempt,Critical,192.168.1.21
01-01-2023 05:29,6,Malware Detection,Critical,192.168.1.51
01-01-2023 05:30,6,Network Scan,Low,192.168.1.14
01-01-2023 05:31,3,Login Attempt,Medium,192.168.1.74
01-01-2023 05:32,1,Network Scan,Critical,192.168.1.97
01-01-2023 05:33,6,Network Scan,High,192.168.1.9
01-01-2023 05:34,5,Login Attempt,Medium,192.168.1.18
01-01-2023 05:35,2,Network Scan,High,192.168.1.13
01-01-2023 05:36,4,Network Scan,Medium,192.168.1.17
01-01-2023 05:37,10,File Access,High,192.168.1.87
01-01-2023 05:38,3,File Access,High,192.168.1.25
01-01-2023 05:39,11,Malware Detection,Medium,192.168.1.54
01-01-2023 05:40,2,File Access,Low,192.168.1.16
01-01-2023 05:41,3,Login Attempt,Low,192.168.1.24
01-01-2023 05:42,3,Network Scan,Medium,192.168.1.95
01-01-2023 05:43,2,Malware Detection,Critical,192.168.1.75
01-01-2023 05:44,3,File Access,Medium,192.168.1.23
01-01-2023 05:45,6,Network Scan,Medium,192.168.1.41
01-01-2023 05:46,6,Login Attempt,Critical,192.168.1.86
01-01-2023 05:47,7,Network Scan,Medium,192.168.1.33
01-01-2023 05:48,3,Login Attempt,Medium,192.168.1.42
01-01-2023 05:49,5,Network Scan,Critical,192.168.1.48
01-01-2023 05:50,2,Malware Detection,Critical,192.168.1.18
01-01-2023 05:51,5,Malware Detection,Low,192.168.1.63
01-01-2023 05:52,4,File Access,High,192.168.1.78
01-01-2023 05:53,1,File Access,High,192.168.1.92
01-01-2023 05:54,3,Network Scan,Low,192.168.1.11
01-01-2023 05:55,3,Network Scan,Low,192.168.1.24
01-01-2023 05:56,8,File Access,High,192.168.1.61
01-01-2023 05:57,10,File Access,Low,192.168.1.64
01-01-2023 05:58,4,Network Scan,Medium,192.168.1.36
01-01-2023 05:59,5,Network Scan,Low,192.168.1.83
01-01-2023 06:00,6,Network Scan,Low,192.168.1.77
01-01-2023 06:01,3,Malware Detection,Low,192.168.1.97
01-01-2023 06:02,11,Login Attempt,Low,192.168.1.53
01-01-2023 06:03,5,Login Attempt,High,192.168.1.83
01-01-2023 06:04,5,File Access,Critical,192.168.1.47
01-01-2023 06:05,3,Malware Detection,High,192.168.1.52
01-01-2023 06:06,7,Network Scan,High,192.168.1.96
01-01-2023 06:07,2,Network Scan,Critical,192.168.1.79
01-01-2023 06:08,5,File Access,High,192.168.1.57
01-01-2023 06:09,4,File Access,Medium,192.168.1.75
01-01-2023 06:10,6,Malware Detection,Critical,192.168.1.23
01-01-2023 06:11,4,Login Attempt,Medium,192.168.1.59
01-01-2023 06:12,5,Login Attempt,High,192.168.1.69
01-01-2023 06:13,3,Network Scan,High,192.168.1.56
01-01-2023 06:14,5,File Access,Critical,192.168.1.86
01-01-2023 06:15,6,Malware Detection,High,192.168.1.42
01-01-2023 06:16,3,Network Scan,Low,192.168.1.18
01-01-2023 06:17,7,Login Attempt,Medium,192.168.1.71
01-01-2023 06:18,4,Login Attempt,Medium,192.168.1.33
01-01-2023 06:19,2,Malware Detection,Low,192.168.1.3
01-01-2023 06:20,12,Network Scan,Critical,192.168.1.28
01-01-2023 06:21,4,Malware Detection,Critical,192.168.1.1
01-01-2023 06:22,2,Network Scan,Low,192.168.1.63
01-01-2023 06:23,7,Login Attempt,Low,192.168.1.47
01-01-2023 06:24,1,File Access,Medium,192.168.1.37
01-01-2023 06:25,0,File Access,Low,192.168.1.86
01-01-2023 06:26,3,Login Attempt,Low,192.168.1.48
01-01-2023 06:27,10,File Access,Low,192.168.1.19
01-01-2023 06:28,2,File Access,High,192.168.1.14
01-01-2023 06:29,9,Network Scan,Low,192.168.1.67
01-01-2023 06:30,3,Malware Detection,High,192.168.1.83
01-01-2023 06:31,6,Network Scan,Medium,192.168.1.97
01-01-2023 06:32,5,Malware Detection,Medium,192.168.1.85
01-01-2023 06:33,3,Malware Detection,Critical,192.168.1.65
01-01-2023 06:34,8,File Access,Medium,192.168.1.26
01-01-2023 06:35,4,Malware Detection,Critical,192.168.1.10
01-01-2023 06:36,5,Malware Detection,High,192.168.1.99
01-01-2023 06:37,4,Login Attempt,Low,192.168.1.77
01-01-2023 06:38,4,Malware Detection,Medium,192.168.1.70
01-01-2023 06:39,3,Login Attempt,Low,192.168.1.43
01-01-2023 06:40,5,Network Scan,Critical,192.168.1.70
01-01-2023 06:41,3,File Access,High,192.168.1.99
01-01-2023 06:42,7,Malware Detection,Medium,192.168.1.80
01-01-2023 06:43,2,Login Attempt,Low,192.168.1.72
01-01-2023 06:44,7,Network Scan,Critical,192.168.1.59
01-01-2023 06:45,4,Network Scan,Low,192.168.1.3
01-01-2023 06:46,3,Network Scan,Medium,192.168.1.5
01-01-2023 06:47,3,Login Attempt,Low,192.168.1.85
01-01-2023 06:48,8,Login Attempt,High,192.168.1.95
01-01-2023 06:49,10,File Access,Medium,192.168.1.78
01-01-2023 06:50,5,Malware Detection,Critical,192.168.1.83
01-01-2023 06:51,8,Network Scan,Medium,192.168.1.37
01-01-2023 06:52,1,File Access,Critical,192.168.1.84
01-01-2023 06:53,6,Login Attempt,Critical,192.168.1.52
01-01-2023 06:54,2,File Access,Medium,192.168.1.66
01-01-2023 06:55,4,Network Scan,Critical,192.168.1.63
01-01-2023 06:56,4,Network Scan,Medium,192.168.1.7
01-01-2023 06:57,8,File Access,High,192.168.1.97
01-01-2023 06:58,7,Network Scan,High,192.168.1.53
01-01-2023 06:59,4,Login Attempt,Low,192.168.1.6
01-01-2023 07:00,7,Network Scan,High,192.168.1.7
01-01-2023 07:01,5,Malware Detection,Critical,192.168.1.44
01-01-2023 07:02,7,Malware Detection,Low,192.168.1.18
01-01-2023 07:03,3,Network Scan,Low,192.168.1.54
01-01-2023 07:04,4,File Access,Medium,192.168.1.29
01-01-2023 07:05,8,Network Scan,Low,192.168.1.83
01-01-2023 07:06,7,Malware Detection,Medium,192.168.1.25
01-01-2023 07:07,2,Login Attempt,Low,192.168.1.63
01-01-2023 07:08,2,Malware Detection,High,192.168.1.68
01-01-2023 07:09,6,Network Scan,Medium,192.168.1.13
01-01-2023 07:10,8,Network Scan,Critical,192.168.1.32
01-01-2023 07:11,4,File Access,Low,192.168.1.27
01-01-2023 07:12,6,Network Scan,High,192.168.1.51
01-01-2023 07:13,8,Network Scan,High,192.168.1.34
01-01-2023 07:14,6,Login Attempt,Medium,192.168.1.28
01-01-2023 07:15,4,Login Attempt,Medium,192.168.1.73
01-01-2023 07:16,6,Login Attempt,Medium,192.168.1.72
01-01-2023 07:17,6,File Access,Critical,192.168.1.85
01-01-2023 07:18,4,File Access,Critical,192.168.1.30
01-01-2023 07:19,4,Malware Detection,Critical,192.168.1.93
01-01-2023 07:20,5,File Access,Low,192.168.1.9
01-01-2023 07:21,9,Login Attempt,Critical,192.168.1.13
01-01-2023 07:22,5,File Access,Medium,192.168.1.82
01-01-2023 07:23,6,Network Scan,High,192.168.1.64
01-01-2023 07:24,9,File Access,High,192.168.1.38
01-01-2023 07:25,3,Network Scan,Medium,192.168.1.22
01-01-2023 07:26,10,Malware Detection,Critical,192.168.1.31
01-01-2023 07:27,7,Network Scan,Critical,192.168.1.99
01-01-2023 07:28,6,Login Attempt,Medium,192.168.1.42
01-01-2023 07:29,5,Malware Detection,High,192.168.1.62
01-01-2023 07:30,5,Malware Detection,Low,192.168.1.64
01-01-2023 07:31,9,Malware Detection,High,192.168.1.74
01-01-2023 07:32,7,Login Attempt,Critical,192.168.1.9
01-01-2023 07:33,7,Network Scan,High,192.168.1.95
01-01-2023 07:34,5,Malware Detection,Critical,192.168.1.44
01-01-2023 07:35,2,Login Attempt,High,192.168.1.63
01-01-2023 07:36,5,Malware Detection,Medium,192.168.1.40
01-01-2023 07:37,4,Malware Detection,Critical,192.168.1.88
01-01-2023 07:38,7,Login Attempt,Low,192.168.1.41
01-01-2023 07:39,3,File Access,Low,192.168.1.72
01-01-2023 07:40,3,Malware Detection,Medium,192.168.1.50
01-01-2023 07:41,6,File Access,High,192.168.1.20
01-01-2023 07:42,3,Malware Detection,Medium,192.168.1.81
01-01-2023 07:43,5,File Access,Medium,192.168.1.92
01-01-2023 07:44,3,Network Scan,Low,192.168.1.70
01-01-2023 07:45,8,File Access,Low,192.168.1.42
01-01-2023 07:46,3,File Access,Critical,192.168.1.33
01-01-2023 07:47,7,File Access,Critical,192.168.1.92
01-01-2023 07:48,5,File Access,Critical,192.168.1.63
01-01-2023 07:49,6,Network Scan,Medium,192.168.1.57
01-01-2023 07:50,4,Login Attempt,Medium,192.168.1.65
01-01-2023 07:51,6,File Access,Critical,192.168.1.52
01-01-2023 07:52,7,Login Attempt,Low,192.168.1.99
01-01-2023 07:53,10,Malware Detection,Low,192.168.1.88
01-01-2023 07:54,7,Login Attempt,High,192.168.1.6
01-01-2023 07:55,6,File Access,Critical,192.168.1.7
01-01-2023 07:56,4,Login Attempt,Medium,192.168.1.9
01-01-2023 07:57,6,Network Scan,High,192.168.1.61
01-01-2023 07:58,2,Network Scan,High,192.168.1.80
01-01-2023 07:59,2,File Access,High,192.168.1.34
01-01-2023 08:00,3,Login Attempt,Critical,192.168.1.35
01-01-2023 08:01,9,Malware Detection,Critical,192.168.1.99
01-01-2023 08:02,4,Network Scan,Critical,192.168.1.20
01-01-2023 08:03,7,File Access,Low,192.168.1.58
01-01-2023 08:04,8,Network Scan,High,192.168.1.87
01-01-2023 08:05,6,File Access,Low,192.168.1.60
01-01-2023 08:06,3,Login Attempt,Critical,192.168.1.54
01-01-2023 08:07,6,Login Attempt,Low,192.168.1.35
01-01-2023 08:08,3,Login Attempt,Low,192.168.1.47
01-01-2023 08:09,7,Login Attempt,Medium,192.168.1.46
01-01-2023 08:10,6,Login Attempt,Critical,192.168.1.87
01-01-2023 08:11,2,File Access,High,192.168.1.4
01-01-2023 08:12,1,Network Scan,Critical,192.168.1.10
01-01-2023 08:13,2,Malware Detection,Low,192.168.1.75
01-01-2023 08:14,5,Network Scan,Critical,192.168.1.40
01-01-2023 08:15,4,Login Attempt,Critical,192.168.1.55
01-01-2023 08:16,5,Network Scan,Medium,192.168.1.73
01-01-2023 08:17,8,Network Scan,Medium,192.168.1.40
01-01-2023 08:18,4,File Access,Critical,192.168.1.76
01-01-2023 08:19,6,Malware Detection,Medium,192.168.1.81
01-01-2023 08:20,3,Malware Detection,Low,192.168.1.96
01-01-2023 08:21,4,Login Attempt,Low,192.168.1.23
01-01-2023 08:22,8,File Access,Low,192.168.1.15
01-01-2023 08:23,5,File Access,Medium,192.168.1.92
01-01-2023 08:24,7,File Access,Critical,192.168.1.5
01-01-2023 08:25,2,File Access,Low,192.168.1.40
01-01-2023 08:26,5,File Access,High,192.168.1.18
01-01-2023 08:27,10,Malware Detection,Low,192.168.1.21
01-01-2023 08:28,4,Malware Detection,Critical,192.168.1.79
01-01-2023 08:29,5,Network Scan,Low,192.168.1.3
01-01-2023 08:30,3,Malware Detection,High,192.168.1.46
01-01-2023 08:31,3,File Access,Low,192.168.1.90
01-01-2023 08:32,8,Network Scan,Low,192.168.1.79
01-01-2023 08:33,3,Malware Detection,Critical,192.168.1.53
01-01-2023 08:34,7,Network Scan,Low,192.168.1.20
01-01-2023 08:35,8,Malware Detection,Low,192.168.1.59
01-01-2023 08:36,4,Login Attempt,Medium,192.168.1.21
01-01-2023 08:37,5,Malware Detection,Critical,192.168.1.90
01-01-2023 08:38,6,Network Scan,Critical,192.168.1.87
01-01-2023 08:39,1,Login Attempt,Critical,192.168.1.51
01-01-2023 08:40,2,File Access,Critical,192.168.1.25
01-01-2023 08:41,3,Network Scan,Low,192.168.1.68
01-01-2023 08:42,52,File Access,High,192.168.1.10
01-01-2023 08:43,4,File Access,High,192.168.1.86
01-01-2023 08:44,4,Network Scan,Medium,192.168.1.67
01-01-2023 08:45,3,File Access,Low,192.168.1.83
01-01-2023 08:46,5,Network Scan,Critical,192.168.1.95
01-01-2023 08:47,5,Network Scan,Critical,192.168.1.9
01-01-2023 08:48,2,Malware Detection,High,192.168.1.29
01-01-2023 08:49,6,Login Attempt,Medium,192.168.1.37
01-01-2023 08:50,3,File Access,Low,192.168.1.71
01-01-2023 08:51,4,File Access,Medium,192.168.1.38
01-01-2023 08:52,3,Login Attempt,Low,192.168.1.88
01-01-2023 08:53,6,Login Attempt,Medium,192.168.1.72
01-01-2023 08:54,4,Login Attempt,Medium,192.168.1.98
01-01-2023 08:55,1,Login Attempt,Critical,192.168.1.59
01-01-2023 08:56,9,Login Attempt,High,192.168.1.57
01-01-2023 08:57,7,Malware Detection,Critical,192.168.1.90
01-01-2023 08:58,5,Network Scan,High,192.168.1.60
01-01-2023 08:59,4,Login Attempt,Medium,192.168.1.28
01-01-2023 09:00,2,Malware Detection,Low,192.168.1.28
01-01-2023 09:01,4,Login Attempt,Critical,192.168.1.46
01-01-2023 09:02,5,Login Attempt,Low,192.168.1.71
01-01-2023 09:03,4,File Access,Critical,192.168.1.67
01-01-2023 09:04,6,File Access,Critical,192.168.1.86
01-01-2023 09:05,3,File Access,Critical,192.168.1.55
01-01-2023 09:06,7,File Access,Low,192.168.1.38
01-01-2023 09:07,5,Network Scan,Critical,192.168.1.18
01-01-2023 09:08,6,Network Scan,Critical,192.168.1.76
01-01-2023 09:09,7,File Access,Critical,192.168.1.95
01-01-2023 09:10,2,File Access,Low,192.168.1.63
01-01-2023 09:11,6,Login Attempt,Critical,192.168.1.5
01-01-2023 09:12,4,Login Attempt,Low,192.168.1.44
01-01-2023 09:13,6,File Access,High,192.168.1.29
01-01-2023 09:14,3,File Access,Critical,192.168.1.100
01-01-2023 09:15,6,File Access,Medium,192.168.1.14
01-01-2023 09:16,8,Login Attempt,High,192.168.1.58
01-01-2023 09:17,3,File Access,Low,192.168.1.44
01-01-2023 09:18,7,File Access,Medium,192.168.1.18
01-01-2023 09:19,15,Network Scan,Low,192.168.1.7
01-01-2023 09:20,7,Network Scan,Low,192.168.1.87
01-01-2023 09:21,6,Login Attempt,Critical,192.168.1.97
01-01-2023 09:22,3,Network Scan,Medium,192.168.1.62
01-01-2023 09:23,2,Login Attempt,Low,192.168.1.45
01-01-2023 09:24,5,Malware Detection,High,192.168.1.16
01-01-2023 09:25,6,File Access,Critical,192.168.1.64
01-01-2023 09:26,6,Login Attempt,High,192.168.1.37
01-01-2023 09:27,4,Network Scan,High,192.168.1.25
01-01-2023 09:28,1,Malware Detection,Critical,192.168.1.9
01-01-2023 09:29,6,Network Scan,Low,192.168.1.55
01-01-2023 09:30,8,Login Attempt,High,192.168.1.28
01-01-2023 09:31,2,Malware Detection,Low,192.168.1.9
01-01-2023 09:32,2,Network Scan,Low,192.168.1.12
01-01-2023 09:33,2,Malware Detection,Critical,192.168.1.18
01-01-2023 09:34,5,File Access,High,192.168.1.91
01-01-2023 09:35,7,File Access,High,192.168.1.90
01-01-2023 09:36,7,Malware Detection,Critical,192.168.1.56
01-01-2023 09:37,9,Network Scan,Low,192.168.1.90
01-01-2023 09:38,4,Network Scan,Low,192.168.1.74
01-01-2023 09:39,7,Network Scan,Critical,192.168.1.58
01-01-2023 09:40,5,File Access,Low,192.168.1.81
01-01-2023 09:41,7,Login Attempt,Low,192.168.1.51
01-01-2023 09:42,7,Login Attempt,High,192.168.1.32
01-01-2023 09:43,3,Malware Detection,Low,192.168.1.88
01-01-2023 09:44,5,Network Scan,Low,192.168.1.48
01-01-2023 09:45,5,Malware Detection,Low,192.168.1.8
01-01-2023 09:46,5,Login Attempt,Low,192.168.1.30
01-01-2023 09:47,5,Login Attempt,Critical,192.168.1.26
01-01-2023 09:48,8,Network Scan,Critical,192.168.1.24
01-01-2023 09:49,2,Malware Detection,Critical,192.168.1.27
01-01-2023 09:50,6,Network Scan,Low,192.168.1.79
01-01-2023 09:51,6,Login Attempt,Critical,192.168.1.92
01-01-2023 09:52,6,Login Attempt,Medium,192.168.1.75
01-01-2023 09:53,1,Network Scan,Medium,192.168.1.39
01-01-2023 09:54,10,Malware Detection,Medium,192.168.1.66
01-01-2023 09:55,5,File Access,High,192.168.1.51
01-01-2023 09:56,3,Network Scan,Low,192.168.1.73
01-01-2023 09:57,0,Login Attempt,High,192.168.1.50
01-01-2023 09:58,7,File Access,Critical,192.168.1.45
01-01-2023 09:59,4,Network Scan,Low,192.168.1.87
01-01-2023 10:00,6,File Access,Medium,192.168.1.33
01-01-2023 10:01,4,Network Scan,Low,192.168.1.19
01-01-2023 10:02,2,Login Attempt,High,192.168.1.13
01-01-2023 10:03,4,Network Scan,Critical,192.168.1.78
01-01-2023 10:04,9,File Access,Critical,192.168.1.96
01-01-2023 10:05,4,Malware Detection,High,192.168.1.22
01-01-2023 10:06,5,Login Attempt,Low,192.168.1.20
01-01-2023 10:07,8,Login Attempt,High,192.168.1.97
01-01-2023 10:08,2,File Access,Critical,192.168.1.5
01-01-2023 10:09,2,Network Scan,Medium,192.168.1.84
01-01-2023 10:10,5,Network Scan,Critical,192.168.1.78
01-01-2023 10:11,4,Network Scan,Critical,192.168.1.91
01-01-2023 10:12,8,Login Attempt,Low,192.168.1.90
01-01-2023 10:13,6,Login Attempt,Medium,192.168.1.32
01-01-2023 10:14,9,File Access,Critical,192.168.1.30
01-01-2023 10:15,7,Network Scan,Medium,192.168.1.91
01-01-2023 10:16,2,Network Scan,High,192.168.1.26
01-01-2023 10:17,8,File Access,Low,192.168.1.82
01-01-2023 10:18,3,Login Attempt,Medium,192.168.1.87
01-01-2023 10:19,5,Login Attempt,Medium,192.168.1.88
01-01-2023 10:20,4,Malware Detection,Low,192.168.1.4
01-01-2023 10:21,5,Malware Detection,High,192.168.1.67
01-01-2023 10:22,4,Network Scan,Medium,192.168.1.43
01-01-2023 10:23,8,Login Attempt,Low,192.168.1.30
01-01-2023 10:24,0,Network Scan,Critical,192.168.1.16
01-01-2023 10:25,7,Login Attempt,Low,192.168.1.71
01-01-2023 10:26,4,Malware Detection,Critical,192.168.1.39
01-01-2023 10:27,5,File Access,Medium,192.168.1.86
01-01-2023 10:28,51,Login Attempt,Medium,192.168.1.41
01-01-2023 10:29,3,Malware Detection,Medium,192.168.1.31
01-01-2023 10:30,3,Malware Detection,High,192.168.1.49
01-01-2023 10:31,1,Login Attempt,High,192.168.1.13
01-01-2023 10:32,3,Network Scan,Critical,192.168.1.41
01-01-2023 10:33,4,Login Attempt,Low,192.168.1.93
01-01-2023 10:34,4,Malware Detection,Critical,192.168.1.28
01-01-2023 10:35,7,Login Attempt,Low,192.168.1.64
01-01-2023 10:36,9,File Access,Medium,192.168.1.19
01-01-2023 10:37,1,Network Scan,Low,192.168.1.87
01-01-2023 10:38,3,Login Attempt,High,192.168.1.72
01-01-2023 10:39,5,Malware Detection,Low,192.168.1.25
01-01-2023 10:40,1,Malware Detection,Low,192.168.1.38
01-01-2023 10:41,3,Network Scan,Medium,192.168.1.99
01-01-2023 10:42,5,Login Attempt,Medium,192.168.1.90
01-01-2023 10:43,7,Malware Detection,High,192.168.1.3
01-01-2023 10:44,4,Network Scan,Low,192.168.1.2
01-01-2023 10:45,6,File Access,Low,192.168.1.5
01-01-2023 10:46,4,Network Scan,Low,192.168.1.61
01-01-2023 10:47,3,Login Attempt,Medium,192.168.1.20
01-01-2023 10:48,5,Login Attempt,High,192.168.1.76
01-01-2023 10:49,4,Malware Detection,Low,192.168.1.38
01-01-2023 10:50,4,File Access,Low,192.168.1.80
01-01-2023 10:51,4,Login Attempt,Low,192.168.1.36
01-01-2023 10:52,5,Malware Detection,Low,192.168.1.46
01-01-2023 10:53,4,Network Scan,High,192.168.1.93
01-01-2023 10:54,8,Network Scan,High,192.168.1.99
01-01-2023 10:55,3,Login Attempt,High,192.168.1.37
01-01-2023 10:56,5,File Access,Medium,192.168.1.54
01-01-2023 10:57,4,Malware Detection,Low,192.168.1.21
01-01-2023 10:58,3,Login Attempt,Low,192.168.1.21
01-01-2023 10:59,5,Malware Detection,Low,192.168.1.92
01-01-2023 11:00,5,Network Scan,Low,192.168.1.70
01-01-2023 11:01,5,Malware Detection,Critical,192.168.1.84
01-01-2023 11:02,2,Network Scan,High,192.168.1.60
01-01-2023 11:03,4,File Access,Critical,192.168.1.36
01-01-2023 11:04,4,File Access,Critical,192.168.1.77
01-01-2023 11:05,7,Network Scan,Medium,192.168.1.11
01-01-2023 11:06,2,Login Attempt,Medium,192.168.1.88
01-01-2023 11:07,3,Network Scan,Low,192.168.1.83
01-01-2023 11:08,4,Malware Detection,Critical,192.168.1.87
01-01-2023 11:09,5,Malware Detection,Critical,192.168.1.31
01-01-2023 11:10,7,Malware Detection,High,192.168.1.37
01-01-2023 11:11,5,Login Attempt,Critical,192.168.1.60
01-01-2023 11:12,3,File Access,Medium,192.168.1.61
01-01-2023 11:13,2,File Access,Critical,192.168.1.67
01-01-2023 11:14,5,Malware Detection,Medium,192.168.1.98
01-01-2023 11:15,7,Login Attempt,Low,192.168.1.29
01-01-2023 11:16,5,Malware Detection,Medium,192.168.1.67
01-01-2023 11:17,5,File Access,Low,192.168.1.79
01-01-2023 11:18,7,Network Scan,High,192.168.1.71
01-01-2023 11:19,7,Malware Detection,Low,192.168.1.67
01-01-2023 11:20,10,Malware Detection,Critical,192.168.1.16
01-01-2023 11:21,4,Malware Detection,Medium,192.168.1.45
01-01-2023 11:22,4,File Access,Low,192.168.1.34
01-01-2023 11:23,0,Login Attempt,Low,192.168.1.84
01-01-2023 11:24,3,Network Scan,Low,192.168.1.44
01-01-2023 11:25,3,Network Scan,Low,192.168.1.97
01-01-2023 11:26,2,Network Scan,Low,192.168.1.78
01-01-2023 11:27,9,Malware Detection,Low,192.168.1.42
01-01-2023 11:28,34,File Access,Medium,192.168.1.35
01-01-2023 11:29,8,Network Scan,Critical,192.168.1.75
01-01-2023 11:30,4,Malware Detection,Critical,192.168.1.84
01-01-2023 11:31,10,Login Attempt,Low,192.168.1.30
01-01-2023 11:32,3,Malware Detection,Medium,192.168.1.53
01-01-2023 11:33,2,Network Scan,Low,192.168.1.58
01-01-2023 11:34,2,Network Scan,High,192.168.1.28
01-01-2023 11:35,2,Login Attempt,Critical,192.168.1.15
01-01-2023 11:36,6,File Access,Low,192.168.1.38
01-01-2023 11:37,2,Login Attempt,Medium,192.168.1.50
01-01-2023 11:38,9,Login Attempt,Critical,192.168.1.13
01-01-2023 11:39,8,Network Scan,Medium,192.168.1.35
01-01-2023 11:40,4,Network Scan,High,192.168.1.24
01-01-2023 11:41,4,File Access,Low,192.168.1.65
01-01-2023 11:42,3,Network Scan,High,192.168.1.88
01-01-2023 11:43,9,Login Attempt,Critical,192.168.1.91
01-01-2023 11:44,10,Login Attempt,Low,192.168.1.18
01-01-2023 11:45,5,File Access,Critical,192.168.1.58
01-01-2023 11:46,5,Network Scan,Low,192.168.1.26
01-01-2023 11:47,9,Network Scan,Medium,192.168.1.29
01-01-2023 11:48,2,Login Attempt,Critical,192.168.1.72
01-01-2023 11:49,5,Login Attempt,High,192.168.1.44
01-01-2023 11:50,5,Network Scan,High,192.168.1.90
01-01-2023 11:51,8,Malware Detection,Medium,192.168.1.5
01-01-2023 11:52,6,Login Attempt,Medium,192.168.1.33
01-01-2023 11:53,6,Login Attempt,High,192.168.1.5
01-01-2023 11:54,7,Login Attempt,Medium,192.168.1.36
01-01-2023 11:55,5,File Access,Low,192.168.1.77
01-01-2023 11:56,5,Network Scan,High,192.168.1.81
01-01-2023 11:57,7,Network Scan,Critical,192.168.1.13
01-01-2023 11:58,4,Network Scan,High,192.168.1.25
01-01-2023 11:59,4,Login Attempt,Medium,192.168.1.58
01-01-2023 12:00,6,Network Scan,Low,192.168.1.2
01-01-2023 12:01,6,Network Scan,Critical,192.168.1.88
01-01-2023 12:02,4,Network Scan,High,192.168.1.36
01-01-2023 12:03,3,File Access,High,192.168.1.25
01-01-2023 12:04,3,File Access,Critical,192.168.1.34
01-01-2023 12:05,10,Login Attempt,Low,192.168.1.12
01-01-2023 12:06,6,Network Scan,Medium,192.168.1.19
01-01-2023 12:07,6,Login Attempt,Medium,192.168.1.94
01-01-2023 12:08,4,Login Attempt,Medium,192.168.1.37
01-01-2023 12:09,1,Login Attempt,Medium,192.168.1.1
01-01-2023 12:10,5,Login Attempt,Critical,192.168.1.60
01-01-2023 12:11,7,Login Attempt,Low,192.168.1.67
01-01-2023 12:12,4,Login Attempt,Low,192.168.1.49
01-01-2023 12:13,3,File Access,High,192.168.1.90
01-01-2023 12:14,5,Malware Detection,High,192.168.1.79
01-01-2023 12:15,7,File Access,Low,192.168.1.46
01-01-2023 12:16,9,Login Attempt,High,192.168.1.48
01-01-2023 12:17,2,Malware Detection,Low,192.168.1.92
01-01-2023 12:18,6,Malware Detection,Critical,192.168.1.68
01-01-2023 12:19,2,Network Scan,Critical,192.168.1.19
01-01-2023 12:20,3,Login Attempt,Medium,192.168.1.88
01-01-2023 12:21,5,Login Attempt,Low,192.168.1.40
01-01-2023 12:22,3,File Access,Critical,192.168.1.6
01-01-2023 12:23,4,Malware Detection,Low,192.168.1.80
01-01-2023 12:24,5,Malware Detection,High,192.168.1.96
01-01-2023 12:25,4,Login Attempt,Low,192.168.1.94
01-01-2023 12:26,5,Network Scan,Medium,192.168.1.63
01-01-2023 12:27,2,Login Attempt,Medium,192.168.1.35
01-01-2023 12:28,4,Malware Detection,Critical,192.168.1.72
01-01-2023 12:29,5,Network Scan,High,192.168.1.61
01-01-2023 12:30,6,Network Scan,High,192.168.1.5
01-01-2023 12:31,10,Malware Detection,Low,192.168.1.37
01-01-2023 12:32,37,Login Attempt,High,192.168.1.76
01-01-2023 12:33,6,Login Attempt,Medium,192.168.1.89
01-01-2023 12:34,7,Login Attempt,Critical,192.168.1.97
01-01-2023 12:35,4,File Access,Critical,192.168.1.88
01-01-2023 12:36,7,File Access,Critical,192.168.1.11
01-01-2023 12:37,6,Network Scan,High,192.168.1.99
01-01-2023 12:38,2,Login Attempt,High,192.168.1.40
01-01-2023 12:39,3,File Access,Medium,192.168.1.65
01-01-2023 12:40,4,Network Scan,Low,192.168.1.8
01-01-2023 12:41,4,Malware Detection,Low,192.168.1.87
01-01-2023 12:42,5,Malware Detection,Critical,192.168.1.84
01-01-2023 12:43,7,Login Attempt,Critical,192.168.1.96
01-01-2023 12:44,3,Malware Detection,High,192.168.1.11
01-01-2023 12:45,3,Malware Detection,Critical,192.168.1.71
01-01-2023 12:46,6,Malware Detection,Medium,192.168.1.58
01-01-2023 12:47,3,Network Scan,Medium,192.168.1.94
01-01-2023 12:48,9,Malware Detection,Critical,192.168.1.48
01-01-2023 12:49,7,Malware Detection,Critical,192.168.1.13
01-01-2023 12:50,5,Network Scan,Critical,192.168.1.60
01-01-2023 12:51,6,File Access,Critical,192.168.1.49
01-01-2023 12:52,6,Network Scan,Critical,192.168.1.67
01-01-2023 12:53,3,File Access,Medium,192.168.1.7
01-01-2023 12:54,8,Network Scan,Low,192.168.1.77
01-01-2023 12:55,10,Login Attempt,Medium,192.168.1.25
01-01-2023 12:56,6,Malware Detection,Medium,192.168.1.23
01-01-2023 12:57,7,File Access,Critical,192.168.1.51
01-01-2023 12:58,2,Network Scan,Low,192.168.1.47
01-01-2023 12:59,5,File Access,Critical,192.168.1.97
01-01-2023 13:00,8,File Access,Medium,192.168.1.5
01-01-2023 13:01,6,Malware Detection,Low,192.168.1.96
01-01-2023 13:02,2,File Access,High,192.168.1.94
01-01-2023 13:03,3,Network Scan,Critical,192.168.1.95
01-01-2023 13:04,10,Login Attempt,High,192.168.1.13
01-01-2023 13:05,3,Login Attempt,High,192.168.1.42
01-01-2023 13:06,4,Malware Detection,High,192.168.1.5
01-01-2023 13:07,9,Network Scan,High,192.168.1.23
01-01-2023 13:08,2,Network Scan,Low,192.168.1.62
01-01-2023 13:09,5,Login Attempt,Critical,192.168.1.1
01-01-2023 13:10,1,Network Scan,Low,192.168.1.74
01-01-2023 13:11,5,File Access,Critical,192.168.1.91
01-01-2023 13:12,9,Malware Detection,Critical,192.168.1.54
01-01-2023 13:13,2,Login Attempt,Critical,192.168.1.72
01-01-2023 13:14,5,Malware Detection,Low,192.168.1.3
01-01-2023 13:15,28,File Access,Medium,192.168.1.83
01-01-2023 13:16,7,Login Attempt,High,192.168.1.64
01-01-2023 13:17,3,Network Scan,Medium,192.168.1.51
01-01-2023 13:18,7,Network Scan,Medium,192.168.1.2
01-01-2023 13:19,7,File Access,Medium,192.168.1.49
01-01-2023 13:20,6,Login Attempt,High,192.168.1.31
01-01-2023 13:21,4,Malware Detection,Medium,192.168.1.74
01-01-2023 13:22,10,Login Attempt,High,192.168.1.80
01-01-2023 13:23,6,Network Scan,High,192.168.1.84
01-01-2023 13:24,8,Login Attempt,High,192.168.1.3
01-01-2023 13:25,3,Login Attempt,Critical,192.168.1.35
01-01-2023 13:26,6,Network Scan,Critical,192.168.1.98
01-01-2023 13:27,9,Network Scan,Medium,192.168.1.85
01-01-2023 13:28,3,Malware Detection,Critical,192.168.1.36
01-01-2023 13:29,7,Login Attempt,High,192.168.1.64
01-01-2023 13:30,4,Network Scan,Critical,192.168.1.32
01-01-2023 13:31,3,File Access,High,192.168.1.18
01-01-2023 13:32,9,Network Scan,Low,192.168.1.34
01-01-2023 13:33,4,Malware Detection,Critical,192.168.1.56
01-01-2023 13:34,4,Malware Detection,Medium,192.168.1.67
01-01-2023 13:35,3,File Access,Low,192.168.1.53
01-01-2023 13:36,2,Malware Detection,Low,192.168.1.67
01-01-2023 13:37,3,Login Attempt,Critical,192.168.1.91
01-01-2023 13:38,6,Malware Detection,Critical,192.168.1.66
01-01-2023 13:39,12,File Access,Medium,192.168.1.64
01-01-2023 13:40,7,Malware Detection,Low,192.168.1.67
01-01-2023 13:41,4,File Access,High,192.168.1.81
01-01-2023 13:42,7,Malware Detection,Critical,192.168.1.39
01-01-2023 13:43,5,Network Scan,Low,192.168.1.38
01-01-2023 13:44,8,File Access,Low,192.168.1.40
01-01-2023 13:45,4,Malware Detection,High,192.168.1.19
01-01-2023 13:46,7,Login Attempt,Low,192.168.1.83
01-01-2023 13:47,5,File Access,Critical,192.168.1.5
01-01-2023 13:48,2,File Access,High,192.168.1.69
01-01-2023 13:49,4,Malware Detection,Critical,192.168.1.14
01-01-2023 13:50,6,Network Scan,Medium,192.168.1.91
01-01-2023 13:51,6,Network Scan,Low,192.168.1.49
01-01-2023 13:52,4,Malware Detection,Critical,192.168.1.64
01-01-2023 13:53,3,Malware Detection,Critical,192.168.1.100
01-01-2023 13:54,4,Login Attempt,Medium,192.168.1.57
01-01-2023 13:55,5,Malware Detection,Low,192.168.1.35
01-01-2023 13:56,7,File Access,Critical,192.168.1.85
01-01-2023 13:57,10,Malware Detection,High,192.168.1.5
01-01-2023 13:58,7,Login Attempt,Critical,192.168.1.88
01-01-2023 13:59,5,Malware Detection,Critical,192.168.1.39
01-01-2023 14:00,3,Malware Detection,Critical,192.168.1.24
01-01-2023 14:01,4,File Access,Critical,192.168.1.40
01-01-2023 14:02,4,Network Scan,Low,192.168.1.50
01-01-2023 14:03,8,Malware Detection,Critical,192.168.1.77
01-01-2023 14:04,8,Login Attempt,Medium,192.168.1.58
01-01-2023 14:05,4,Malware Detection,Critical,192.168.1.1
01-01-2023 14:06,4,Malware Detection,High,192.168.1.43
01-01-2023 14:07,8,File Access,High,192.168.1.39
01-01-2023 14:08,4,Network Scan,Critical,192.168.1.10
01-01-2023 14:09,6,Network Scan,Critical,192.168.1.2
01-01-2023 14:10,6,Network Scan,Medium,192.168.1.63
01-01-2023 14:11,1,Malware Detection,Medium,192.168.1.16
01-01-2023 14:12,5,File Access,Low,192.168.1.37
01-01-2023 14:13,3,File Access,Low,192.168.1.16
01-01-2023 14:14,9,Malware Detection,High,192.168.1.87
01-01-2023 14:15,4,File Access,Critical,192.168.1.90
01-01-2023 14:16,8,Network Scan,Critical,192.168.1.80
01-01-2023 14:17,8,File Access,Medium,192.168.1.27
01-01-2023 14:18,2,Malware Detection,Medium,192.168.1.63
01-01-2023 14:19,6,Malware Detection,Low,192.168.1.94
01-01-2023 14:20,9,Login Attempt,Low,192.168.1.64
01-01-2023 14:21,4,Login Attempt,High,192.168.1.97
01-01-2023 14:22,4,File Access,Medium,192.168.1.32
01-01-2023 14:23,6,File Access,Critical,192.168.1.9
01-01-2023 14:24,13,Malware Detection,Medium,192.168.1.11
01-01-2023 14:25,6,Login Attempt,Medium,192.168.1.70
01-01-2023 14:26,8,Login Attempt,Medium,192.168.1.30
01-01-2023 14:27,8,Network Scan,Low,192.168.1.15
01-01-2023 14:28,1,Network Scan,Critical,192.168.1.59
01-01-2023 14:29,8,Malware Detection,Critical,192.168.1.48
01-01-2023 14:30,4,Malware Detection,Low,192.168.1.94
01-01-2023 14:31,4,Malware Detection,Low,192.168.1.82
01-01-2023 14:32,2,Malware Detection,Critical,192.168.1.76
01-01-2023 14:33,6,Login Attempt,High,192.168.1.60
01-01-2023 14:34,6,Malware Detection,Medium,192.168.1.68
01-01-2023 14:35,3,Malware Detection,Critical,192.168.1.57
01-01-2023 14:36,5,Login Attempt,Low,192.168.1.64
01-01-2023 14:37,8,Network Scan,Critical,192.168.1.54
01-01-2023 14:38,9,Malware Detection,Medium,192.168.1.80
01-01-2023 14:39,3,Network Scan,Critical,192.168.1.87
01-01-2023 14:40,2,Login Attempt,Low,192.168.1.75
01-01-2023 14:41,7,Network Scan,High,192.168.1.54
01-01-2023 14:42,6,Login Attempt,Low,192.168.1.59
01-01-2023 14:43,6,Malware Detection,High,192.168.1.88
01-01-2023 14:44,6,Network Scan,Medium,192.168.1.86
01-01-2023 14:45,4,Malware Detection,Low,192.168.1.39
01-01-2023 14:46,6,File Access,Critical,192.168.1.15
01-01-2023 14:47,10,File Access,Low,192.168.1.79
01-01-2023 14:48,4,Network Scan,Low,192.168.1.74
01-01-2023 14:49,3,Login Attempt,Medium,192.168.1.28
01-01-2023 14:50,0,Network Scan,High,192.168.1.36
01-01-2023 14:51,8,Login Attempt,High,192.168.1.54
01-01-2023 14:52,3,File Access,Critical,192.168.1.17
01-01-2023 14:53,4,Login Attempt,Low,192.168.1.100
01-01-2023 14:54,5,File Access,Medium,192.168.1.86
01-01-2023 14:55,3,Network Scan,High,192.168.1.87
01-01-2023 14:56,2,Malware Detection,Critical,192.168.1.93
01-01-2023 14:57,8,Malware Detection,High,192.168.1.22
01-01-2023 14:58,4,Malware Detection,Critical,192.168.1.75
01-01-2023 14:59,3,Login Attempt,High,192.168.1.36
01-01-2023 15:00,8,Malware Detection,Critical,192.168.1.29
01-01-2023 15:01,5,Login Attempt,High,192.168.1.55
01-01-2023 15:02,6,Malware Detection,High,192.168.1.42
01-01-2023 15:03,7,Login Attempt,Low,192.168.1.32
01-01-2023 15:04,10,Login Attempt,Critical,192.168.1.14
01-01-2023 15:05,7,File Access,Critical,192.168.1.18
01-01-2023 15:06,3,File Access,Low,192.168.1.38
01-01-2023 15:07,3,Network Scan,Low,192.168.1.34
01-01-2023 15:08,7,File Access,High,192.168.1.45
01-01-2023 15:09,3,Login Attempt,High,192.168.1.87
01-01-2023 15:10,3,File Access,High,192.168.1.32
01-01-2023 15:11,3,File Access,Low,192.168.1.67
01-01-2023 15:12,8,File Access,High,192.168.1.63
01-01-2023 15:13,2,Login Attempt,Low,192.168.1.55
01-01-2023 15:14,5,Login Attempt,High,192.168.1.43
01-01-2023 15:15,4,Network Scan,Low,192.168.1.22
01-01-2023 15:16,2,File Access,Critical,192.168.1.87
01-01-2023 15:17,3,File Access,Medium,192.168.1.68
01-01-2023 15:18,2,Login Attempt,High,192.168.1.77
01-01-2023 15:19,6,Network Scan,High,192.168.1.96
01-01-2023 15:20,3,Network Scan,Low,192.168.1.29
01-01-2023 15:21,6,Login Attempt,Critical,192.168.1.40
01-01-2023 15:22,5,File Access,Critical,192.168.1.45
01-01-2023 15:23,4,Network Scan,High,192.168.1.10
01-01-2023 15:24,6,Network Scan,Low,192.168.1.77
01-01-2023 15:25,6,File Access,Low,192.168.1.45
01-01-2023 15:26,6,Network Scan,Medium,192.168.1.17
01-01-2023 15:27,7,File Access,Critical,192.168.1.2
01-01-2023 15:28,10,Network Scan,Medium,192.168.1.17
01-01-2023 15:29,12,Network Scan,Critical,192.168.1.90
01-01-2023 15:30,5,Login Attempt,High,192.168.1.38
01-01-2023 15:31,7,Network Scan,High,192.168.1.37
01-01-2023 15:32,10,File Access,Low,192.168.1.63
01-01-2023 15:33,2,Network Scan,Low,192.168.1.5
01-01-2023 15:34,4,Login Attempt,Low,192.168.1.25
01-01-2023 15:35,6,Network Scan,Critical,192.168.1.73
01-01-2023 15:36,4,Malware Detection,Low,192.168.1.92
01-01-2023 15:37,5,File Access,High,192.168.1.22
01-01-2023 15:38,3,Malware Detection,Medium,192.168.1.93
01-01-2023 15:39,3,Login Attempt,High,192.168.1.63
01-01-2023 15:40,3,Malware Detection,High,192.168.1.35
01-01-2023 15:41,6,Network Scan,High,192.168.1.55
01-01-2023 15:42,5,File Access,Medium,192.168.1.20
01-01-2023 15:43,9,Malware Detection,High,192.168.1.5
01-01-2023 15:44,1,Network Scan,Critical,192.168.1.39
01-01-2023 15:45,5,Malware Detection,Critical,192.168.1.63
01-01-2023 15:46,6,Network Scan,Medium,192.168.1.32
01-01-2023 15:47,5,Network Scan,Critical,192.168.1.63
01-01-2023 15:48,8,Malware Detection,Low,192.168.1.74
01-01-2023 15:49,4,Login Attempt,Critical,192.168.1.40
01-01-2023 15:50,6,File Access,High,192.168.1.17
01-01-2023 15:51,5,Login Attempt,Critical,192.168.1.79
01-01-2023 15:52,7,Malware Detection,Low,192.168.1.73
01-01-2023 15:53,4,Network Scan,Low,192.168.1.32
01-01-2023 15:54,7,Malware Detection,Low,192.168.1.23
01-01-2023 15:55,4,Network Scan,High,192.168.1.75
01-01-2023 15:56,5,Network Scan,Low,192.168.1.60
01-01-2023 15:57,5,Login Attempt,High,192.168.1.77
01-01-2023 15:58,5,Login Attempt,Low,192.168.1.82
01-01-2023 15:59,6,Malware Detection,High,192.168.1.56
01-01-2023 16:00,5,File Access,High,192.168.1.9
01-01-2023 16:01,31,Login Attempt,High,192.168.1.69
01-01-2023 16:02,3,Network Scan,Critical,192.168.1.62
01-01-2023 16:03,5,Malware Detection,Low,192.168.1.64
01-01-2023 16:04,4,Malware Detection,High,192.168.1.22
01-01-2023 16:05,5,File Access,Low,192.168.1.32
01-01-2023 16:06,2,Malware Detection,Critical,192.168.1.47
01-01-2023 16:07,8,Login Attempt,Medium,192.168.1.2
01-01-2023 16:08,4,Network Scan,Low,192.168.1.85
01-01-2023 16:09,1,Malware Detection,Low,192.168.1.92
01-01-2023 16:10,3,Malware Detection,Critical,192.168.1.52
01-01-2023 16:11,6,Network Scan,High,192.168.1.88
01-01-2023 16:12,7,Malware Detection,Low,192.168.1.88
01-01-2023 16:13,5,Malware Detection,Medium,192.168.1.14
01-01-2023 16:14,3,File Access,Critical,192.168.1.37
01-01-2023 16:15,5,Login Attempt,High,192.168.1.27
01-01-2023 16:16,4,Malware Detection,Low,192.168.1.24
01-01-2023 16:17,4,Login Attempt,Low,192.168.1.64
01-01-2023 16:18,2,File Access,Critical,192.168.1.70
01-01-2023 16:19,3,Login Attempt,High,192.168.1.26
01-01-2023 16:20,4,File Access,High,192.168.1.54
01-01-2023 16:21,6,Login Attempt,Critical,192.168.1.15
01-01-2023 16:22,8,Login Attempt,Low,192.168.1.29
01-01-2023 16:23,5,Malware Detection,Low,192.168.1.100
01-01-2023 16:24,2,Login Attempt,High,192.168.1.74
01-01-2023 16:25,3,Malware Detection,High,192.168.1.28
01-01-2023 16:26,6,Malware Detection,Medium,192.168.1.59
01-01-2023 16:27,6,Login Attempt,Medium,192.168.1.73
01-01-2023 16:28,9,Malware Detection,Medium,192.168.1.21
01-01-2023 16:29,5,Login Attempt,High,192.168.1.10
01-01-2023 16:30,3,Network Scan,High,192.168.1.4
01-01-2023 16:31,6,Malware Detection,High,192.168.1.62
01-01-2023 16:32,4,Network Scan,Low,192.168.1.4
01-01-2023 16:33,5,Network Scan,Critical,192.168.1.6
01-01-2023 16:34,4,Malware Detection,High,192.168.1.90
01-01-2023 16:35,7,File Access,Low,192.168.1.80
01-01-2023 16:36,9,File Access,High,192.168.1.72
01-01-2023 16:37,6,Network Scan,Critical,192.168.1.92
01-01-2023 16:38,5,Network Scan,High,192.168.1.16
01-01-2023 16:39,2,Login Attempt,Low,192.168.1.38
01-01-2023 16:40,7,Network Scan,High,192.168.1.49
01-01-2023 16:41,2,Malware Detection,High,192.168.1.61
01-01-2023 16:42,5,File Access,High,192.168.1.65
01-01-2023 16:43,5,File Access,Medium,192.168.1.83
01-01-2023 16:44,4,File Access,High,192.168.1.50
01-01-2023 16:45,2,Malware Detection,Low,192.168.1.17
01-01-2023 16:46,11,Login Attempt,Low,192.168.1.28
01-01-2023 16:47,5,Malware Detection,Low,192.168.1.44
01-01-2023 16:48,8,Malware Detection,High,192.168.1.12
01-01-2023 16:49,10,File Access,Critical,192.168.1.70
01-01-2023 16:50,10,Malware Detection,Low,192.168.1.71
01-01-2023 16:51,5,Network Scan,Medium,192.168.1.72
01-01-2023 16:52,2,Malware Detection,Critical,192.168.1.3
01-01-2023 16:53,7,File Access,Low,192.168.1.49
01-01-2023 16:54,7,File Access,High,192.168.1.21
01-01-2023 16:55,10,Malware Detection,Medium,192.168.1.8
01-01-2023 16:56,3,Network Scan,Low,192.168.1.64
01-01-2023 16:57,7,Network Scan,Medium,192.168.1.92
01-01-2023 16:58,6,File Access,Critical,192.168.1.59
01-01-2023 16:59,2,Network Scan,Low,192.168.1.30
01-01-2023 17:00,2,Network Scan,High,192.168.1.32
01-01-2023 17:01,3,Login Attempt,Medium,192.168.1.75
01-01-2023 17:02,4,Login Attempt,Low,192.168.1.20
01-01-2023 17:03,2,Network Scan,Critical,192.168.1.16
01-01-2023 17:04,9,Network Scan,Critical,192.168.1.25
01-01-2023 17:05,7,Login Attempt,Low,192.168.1.60
01-01-2023 17:06,8,Login Attempt,Critical,192.168.1.45
01-01-2023 17:07,3,Login Attempt,Medium,192.168.1.9
01-01-2023 17:08,7,File Access,Medium,192.168.1.51
01-01-2023 17:09,3,File Access,Medium,192.168.1.61
01-01-2023 17:10,10,Login Attempt,Medium,192.168.1.40
01-01-2023 17:11,4,Login Attempt,Critical,192.168.1.61
01-01-2023 17:12,7,Login Attempt,Low,192.168.1.67
01-01-2023 17:13,2,File Access,Critical,192.168.1.80
01-01-2023 17:14,2,File Access,Critical,192.168.1.76
01-01-2023 17:15,5,Network Scan,Low,192.168.1.15
01-01-2023 17:16,10,Malware Detection,Low,192.168.1.53
01-01-2023 17:17,6,Network Scan,High,192.168.1.4
01-01-2023 17:18,4,Malware Detection,Medium,192.168.1.23
01-01-2023 17:19,1,Malware Detection,Low,192.168.1.27
01-01-2023 17:20,8,Malware Detection,Critical,192.168.1.37
01-01-2023 17:21,5,Network Scan,Medium,192.168.1.77
01-01-2023 17:22,3,File Access,Medium,192.168.1.43
01-01-2023 17:23,4,File Access,Critical,192.168.1.37
01-01-2023 17:24,3,File Access,Low,192.168.1.85
01-01-2023 17:25,3,File Access,Medium,192.168.1.29
01-01-2023 17:26,4,Network Scan,Medium,192.168.1.29
01-01-2023 17:27,4,Login Attempt,Medium,192.168.1.49
01-01-2023 17:28,5,Malware Detection,Medium,192.168.1.75
01-01-2023 17:29,3,File Access,Medium,192.168.1.51
01-01-2023 17:30,6,File Access,Critical,192.168.1.50
01-01-2023 17:31,4,Network Scan,Low,192.168.1.28
01-01-2023 17:32,6,Malware Detection,Low,192.168.1.74
01-01-2023 17:33,6,File Access,Medium,192.168.1.5
01-01-2023 17:34,5,Login Attempt,Medium,192.168.1.56
01-01-2023 17:35,7,File Access,Medium,192.168.1.64
01-01-2023 17:36,5,Malware Detection,Critical,192.168.1.89
01-01-2023 17:37,6,Login Attempt,Critical,192.168.1.97
01-01-2023 17:38,4,Network Scan,High,192.168.1.17
01-01-2023 17:39,8,Login Attempt,Medium,192.168.1.97
01-01-2023 17:40,11,Malware Detection,High,192.168.1.89
01-01-2023 17:41,6,Malware Detection,High,192.168.1.97
01-01-2023 17:42,3,Login Attempt,High,192.168.1.55
01-01-2023 17:43,4,File Access,Low,192.168.1.9
01-01-2023 17:44,8,Malware Detection,High,192.168.1.91
01-01-2023 17:45,6,Login Attempt,Medium,192.168.1.89
01-01-2023 17:46,5,Malware Detection,Critical,192.168.1.68
01-01-2023 17:47,6,File Access,Medium,192.168.1.73
01-01-2023 17:48,4,File Access,Critical,192.168.1.79
01-01-2023 17:49,5,Login Attempt,Low,192.168.1.16
01-01-2023 17:50,14,Network Scan,Low,192.168.1.16
01-01-2023 17:51,4,Network Scan,Medium,192.168.1.13
01-01-2023 17:52,6,File Access,Low,192.168.1.78
01-01-2023 17:53,2,Network Scan,Critical,192.168.1.86
01-01-2023 17:54,5,File Access,Low,192.168.1.85
01-01-2023 17:55,5,Network Scan,High,192.168.1.73
01-01-2023 17:56,4,File Access,High,192.168.1.63
01-01-2023 17:57,3,Malware Detection,Low,192.168.1.41
01-01-2023 17:58,6,Login Attempt,Medium,192.168.1.53
01-01-2023 17:59,5,Login Attempt,High,192.168.1.68
01-01-2023 18:00,7,Network Scan,Critical,192.168.1.74
01-01-2023 18:01,8,Login Attempt,Medium,192.168.1.99
01-01-2023 18:02,6,Network Scan,Low,192.168.1.9
01-01-2023 18:03,5,File Access,Medium,192.168.1.51
01-01-2023 18:04,8,Malware Detection,Medium,192.168.1.48
01-01-2023 18:05,9,Login Attempt,Medium,192.168.1.80
01-01-2023 18:06,3,Malware Detection,Medium,192.168.1.49
01-01-2023 18:07,5,Login Attempt,Low,192.168.1.18
01-01-2023 18:08,2,File Access,Low,192.168.1.10
01-01-2023 18:09,6,Login Attempt,High,192.168.1.85
01-01-2023 18:10,9,Login Attempt,High,192.168.1.54
01-01-2023 18:11,5,File Access,Critical,192.168.1.79
01-01-2023 18:12,7,Network Scan,Critical,192.168.1.15
01-01-2023 18:13,7,Network Scan,High,192.168.1.11
01-01-2023 18:14,3,File Access,High,192.168.1.40
01-01-2023 18:15,5,Network Scan,Medium,192.168.1.47
01-01-2023 18:16,5,Login Attempt,High,192.168.1.20
01-01-2023 18:17,4,Malware Detection,Critical,192.168.1.98
01-01-2023 18:18,37,File Access,High,192.168.1.22
01-01-2023 18:19,4,Login Attempt,Medium,192.168.1.48
01-01-2023 18:20,8,File Access,Critical,192.168.1.82
01-01-2023 18:21,7,Malware Detection,Low,192.168.1.16
01-01-2023 18:22,6,Login Attempt,High,192.168.1.5
01-01-2023 18:23,7,Login Attempt,Low,192.168.1.65
01-01-2023 18:24,10,Malware Detection,Critical,192.168.1.83
01-01-2023 18:25,4,Malware Detection,High,192.168.1.74
01-01-2023 18:26,9,Network Scan,Low,192.168.1.21
01-01-2023 18:27,9,Login Attempt,High,192.168.1.61
01-01-2023 18:28,9,Malware Detection,Low,192.168.1.77
01-01-2023 18:29,3,Malware Detection,Low,192.168.1.55
01-01-2023 18:30,3,Login Attempt,Critical,192.168.1.24
01-01-2023 18:31,8,Network Scan,High,192.168.1.23
01-01-2023 18:32,6,File Access,Low,192.168.1.87
01-01-2023 18:33,9,Network Scan,High,192.168.1.11
01-01-2023 18:34,2,Malware Detection,High,192.168.1.47
01-01-2023 18:35,6,File Access,Medium,192.168.1.2
01-01-2023 18:36,2,File Access,Critical,192.168.1.70
01-01-2023 18:37,31,Network Scan,High,192.168.1.53
01-01-2023 18:38,6,File Access,High,192.168.1.11
01-01-2023 18:39,1,Malware Detection,High,192.168.1.15
01-01-2023 18:40,3,Login Attempt,Critical,192.168.1.73
01-01-2023 18:41,4,Login Attempt,Critical,192.168.1.12
01-01-2023 18:42,4,Login Attempt,High,192.168.1.36
01-01-2023 18:43,6,Network Scan,Critical,192.168.1.92
01-01-2023 18:44,8,Login Attempt,Medium,192.168.1.23
01-01-2023 18:45,5,Login Attempt,Critical,192.168.1.27
01-01-2023 18:46,11,Login Attempt,Medium,192.168.1.88
01-01-2023 18:47,9,File Access,Medium,192.168.1.14
01-01-2023 18:48,5,File Access,Medium,192.168.1.54
01-01-2023 18:49,4,File Access,Low,192.168.1.99
01-01-2023 18:50,3,Malware Detection,Critical,192.168.1.27
01-01-2023 18:51,12,Malware Detection,High,192.168.1.21
01-01-2023 18:52,5,Malware Detection,Medium,192.168.1.49
01-01-2023 18:53,12,Login Attempt,High,192.168.1.62
01-01-2023 18:54,4,File Access,Medium,192.168.1.77
01-01-2023 18:55,5,Malware Detection,High,192.168.1.72
01-01-2023 18:56,3,Network Scan,Low,192.168.1.44
01-01-2023 18:57,3,File Access,Medium,192.168.1.44
01-01-2023 18:58,5,Login Attempt,Low,192.168.1.98
01-01-2023 18:59,3,File Access,Low,192.168.1.61
01-01-2023 19:00,8,Login Attempt,Critical,192.168.1.42
01-01-2023 19:01,31,Malware Detection,High,192.168.1.23
01-01-2023 19:02,4,Login Attempt,Medium,192.168.1.73
01-01-2023 19:03,2,Login Attempt,Low,192.168.1.1
01-01-2023 19:04,8,Network Scan,High,192.168.1.36
01-01-2023 19:05,7,File Access,Critical,192.168.1.55
01-01-2023 19:06,3,Login Attempt,High,192.168.1.16
01-01-2023 19:07,3,Network Scan,High,192.168.1.89
01-01-2023 19:08,8,Network Scan,Critical,192.168.1.18
01-01-2023 19:09,5,Network Scan,Critical,192.168.1.98
01-01-2023 19:10,6,Malware Detection,Critical,192.168.1.38
01-01-2023 19:11,9,Malware Detection,Low,192.168.1.67
01-01-2023 19:12,4,Login Attempt,High,192.168.1.20
01-01-2023 19:13,5,File Access,Critical,192.168.1.19
01-01-2023 19:14,6,Malware Detection,High,192.168.1.13
01-01-2023 19:15,7,Malware Detection,High,192.168.1.17
01-01-2023 19:16,3,Login Attempt,Low,192.168.1.78
01-01-2023 19:17,4,Login Attempt,High,192.168.1.30
01-01-2023 19:18,4,Malware Detection,Low,192.168.1.86
01-01-2023 19:19,1,Login Attempt,Critical,192.168.1.43
01-01-2023 19:20,5,Network Scan,Critical,192.168.1.48
01-01-2023 19:21,4,Login Attempt,High,192.168.1.43
01-01-2023 19:22,1,Network Scan,Low,192.168.1.93
01-01-2023 19:23,3,Malware Detection,Low,192.168.1.66
01-01-2023 19:24,7,File Access,Medium,192.168.1.53
01-01-2023 19:25,0,Network Scan,Medium,192.168.1.72
01-01-2023 19:26,9,File Access,Critical,192.168.1.78
01-01-2023 19:27,5,Malware Detection,Critical,192.168.1.34
01-01-2023 19:28,4,Login Attempt,Medium,192.168.1.77
01-01-2023 19:29,0,Network Scan,Low,192.168.1.74
01-01-2023 19:30,6,Network Scan,High,192.168.1.72
01-01-2023 19:31,6,Malware Detection,High,192.168.1.71
01-01-2023 19:32,2,Malware Detection,Low,192.168.1.13
01-01-2023 19:33,3,Login Attempt,Critical,192.168.1.90
01-01-2023 19:34,5,File Access,High,192.168.1.56
01-01-2023 19:35,7,Network Scan,Low,192.168.1.59
01-01-2023 19:36,5,File Access,High,192.168.1.32
01-01-2023 19:37,5,Network Scan,Low,192.168.1.83
01-01-2023 19:38,6,Network Scan,Medium,192.168.1.79
01-01-2023 19:39,3,Login Attempt,Medium,192.168.1.54
01-01-2023 19:40,5,Network Scan,High,192.168.1.2
01-01-2023 19:41,4,Network Scan,High,192.168.1.37
01-01-2023 19:42,3,Malware Detection,High,192.168.1.83
01-01-2023 19:43,7,Login Attempt,High,192.168.1.97
01-01-2023 19:44,4,Malware Detection,Medium,192.168.1.33
01-01-2023 19:45,7,Network Scan,Medium,192.168.1.1
01-01-2023 19:46,6,Login Attempt,Low,192.168.1.28
01-01-2023 19:47,4,Network Scan,High,192.168.1.17
01-01-2023 19:48,4,Login Attempt,Medium,192.168.1.57
01-01-2023 19:49,3,File Access,Critical,192.168.1.70
01-01-2023 19:50,5,File Access,Low,192.168.1.52
01-01-2023 19:51,4,Login Attempt,Low,192.168.1.44
01-01-2023 19:52,10,Network Scan,Low,192.168.1.84
01-01-2023 19:53,8,Login Attempt,Critical,192.168.1.47
01-01-2023 19:54,2,Network Scan,Critical,192.168.1.13
01-01-2023 19:55,3,File Access,Critical,192.168.1.76
01-01-2023 19:56,7,Network Scan,Medium,192.168.1.30
01-01-2023 19:57,4,Malware Detection,Critical,192.168.1.85
01-01-2023 19:58,6,File Access,Low,192.168.1.66
01-01-2023 19:59,4,Malware Detection,High,192.168.1.53
01-01-2023 20:00,5,File Access,Low,192.168.1.18
01-01-2023 20:01,5,File Access,Low,192.168.1.28
01-01-2023 20:02,9,Malware Detection,Medium,192.168.1.4
01-01-2023 20:03,4,Login Attempt,Low,192.168.1.42
01-01-2023 20:04,1,Network Scan,Medium,192.168.1.6
01-01-2023 20:05,4,File Access,Medium,192.168.1.9
01-01-2023 20:06,6,Network Scan,High,192.168.1.20
01-01-2023 20:07,3,File Access,Low,192.168.1.94
01-01-2023 20:08,4,Network Scan,High,192.168.1.38
01-01-2023 20:09,10,File Access,High,192.168.1.68
01-01-2023 20:10,9,Login Attempt,Low,192.168.1.50
01-01-2023 20:11,6,File Access,Low,192.168.1.60
01-01-2023 20:12,7,Login Attempt,Critical,192.168.1.13
01-01-2023 20:13,0,File Access,Critical,192.168.1.99
01-01-2023 20:14,6,Network Scan,Medium,192.168.1.94
01-01-2023 20:15,2,Malware Detection,Low,192.168.1.42
01-01-2023 20:16,3,File Access,Medium,192.168.1.68
01-01-2023 20:17,13,File Access,High,192.168.1.25
01-01-2023 20:18,5,Login Attempt,High,192.168.1.31
01-01-2023 20:19,2,Network Scan,Critical,192.168.1.12
01-01-2023 20:20,6,Login Attempt,Medium,192.168.1.64
01-01-2023 20:21,6,Network Scan,Low,192.168.1.79
01-01-2023 20:22,4,Network Scan,Low,192.168.1.61
01-01-2023 20:23,8,Login Attempt,Critical,192.168.1.53
01-01-2023 20:24,10,Malware Detection,Critical,192.168.1.26
01-01-2023 20:25,9,Network Scan,Medium,192.168.1.61
01-01-2023 20:26,4,Malware Detection,Critical,192.168.1.10
01-01-2023 20:27,3,Login Attempt,Critical,192.168.1.12
01-01-2023 20:28,6,Malware Detection,Critical,192.168.1.22
01-01-2023 20:29,7,Network Scan,High,192.168.1.53
01-01-2023 20:30,5,Login Attempt,Medium,192.168.1.21
01-01-2023 20:31,4,Malware Detection,Low,192.168.1.35
01-01-2023 20:32,6,Login Attempt,Low,192.168.1.71
01-01-2023 20:33,5,Login Attempt,Medium,192.168.1.82
01-01-2023 20:34,5,Malware Detection,Critical,192.168.1.27
01-01-2023 20:35,1,Network Scan,Critical,192.168.1.60
01-01-2023 20:36,6,Network Scan,Low,192.168.1.99
01-01-2023 20:37,4,Network Scan,High,192.168.1.47
01-01-2023 20:38,4,Network Scan,Medium,192.168.1.66
01-01-2023 20:39,2,File Access,Critical,192.168.1.96
01-01-2023 20:40,5,Login Attempt,High,192.168.1.15
01-01-2023 20:41,4,Login Attempt,High,192.168.1.24
01-01-2023 20:42,9,File Access,Critical,192.168.1.84
01-01-2023 20:43,4,Login Attempt,Medium,192.168.1.10
01-01-2023 20:44,0,Login Attempt,Medium,192.168.1.88
01-01-2023 20:45,11,Malware Detection,Low,192.168.1.24
01-01-2023 20:46,8,File Access,Low,192.168.1.88
01-01-2023 20:47,7,Login Attempt,Medium,192.168.1.57
01-01-2023 20:48,6,Login Attempt,Critical,192.168.1.34
01-01-2023 20:49,3,File Access,Medium,192.168.1.41
01-01-2023 20:50,5,File Access,Low,192.168.1.40
01-01-2023 20:51,6,Malware Detection,Low,192.168.1.11
01-01-2023 20:52,3,Malware Detection,Low,192.168.1.90
01-01-2023 20:53,5,Network Scan,Medium,192.168.1.1
01-01-2023 20:54,8,Network Scan,Medium,192.168.1.30
01-01-2023 20:55,6,Malware Detection,Critical,192.168.1.43
01-01-2023 20:56,7,Login Attempt,Low,192.168.1.82
01-01-2023 20:57,4,File Access,High,192.168.1.26
01-01-2023 20:58,3,Malware Detection,High,192.168.1.53
01-01-2023 20:59,8,Network Scan,Critical,192.168.1.47
01-01-2023 21:00,1,File Access,Critical,192.168.1.9
01-01-2023 21:01,5,Network Scan,Low,192.168.1.9
01-01-2023 21:02,6,Login Attempt,Medium,192.168.1.1
01-01-2023 21:03,5,Login Attempt,Medium,192.168.1.71
01-01-2023 21:04,5,Network Scan,High,192.168.1.44
01-01-2023 21:05,5,File Access,Low,192.168.1.59
01-01-2023 21:06,5,Network Scan,High,192.168.1.56
01-01-2023 21:07,6,File Access,High,192.168.1.51
01-01-2023 21:08,5,Malware Detection,Low,192.168.1.16
01-01-2023 21:09,5,Network Scan,Critical,192.168.1.38
01-01-2023 21:10,8,Network Scan,High,192.168.1.11
01-01-2023 21:11,3,File Access,Critical,192.168.1.25
01-01-2023 21:12,5,Malware Detection,Medium,192.168.1.93
01-01-2023 21:13,3,File Access,High,192.168.1.83
01-01-2023 21:14,3,File Access,Low,192.168.1.82
01-01-2023 21:15,7,Network Scan,Critical,192.168.1.59
01-01-2023 21:16,4,Network Scan,Medium,192.168.1.29
01-01-2023 21:17,4,File Access,Medium,192.168.1.80
01-01-2023 21:18,2,Login Attempt,High,192.168.1.40
01-01-2023 21:19,6,Login Attempt,Medium,192.168.1.8
01-01-2023 21:20,3,Login Attempt,Low,192.168.1.98
01-01-2023 21:21,7,Network Scan,High,192.168.1.6
01-01-2023 21:22,7,Network Scan,Medium,192.168.1.45
01-01-2023 21:23,8,Malware Detection,Low,192.168.1.53
01-01-2023 21:24,6,Network Scan,Critical,192.168.1.94
01-01-2023 21:25,7,Malware Detection,Critical,192.168.1.98
01-01-2023 21:26,4,Network Scan,High,192.168.1.21
01-01-2023 21:27,7,Login Attempt,Low,192.168.1.57
01-01-2023 21:28,2,Login Attempt,Medium,192.168.1.76
01-01-2023 21:29,5,File Access,High,192.168.1.6
01-01-2023 21:30,3,File Access,High,192.168.1.63
01-01-2023 21:31,7,Malware Detection,Medium,192.168.1.6
01-01-2023 21:32,5,Malware Detection,Low,192.168.1.53
01-01-2023 21:33,7,File Access,Medium,192.168.1.4
01-01-2023 21:34,9,Malware Detection,Critical,192.168.1.9
01-01-2023 21:35,6,Network Scan,High,192.168.1.69
01-01-2023 21:36,5,Login Attempt,Critical,192.168.1.74
01-01-2023 21:37,7,File Access,High,192.168.1.72
01-01-2023 21:38,1,File Access,Medium,192.168.1.87
01-01-2023 21:39,3,Network Scan,Low,192.168.1.4
01-01-2023 21:40,3,Malware Detection,Medium,192.168.1.58
01-01-2023 21:41,11,File Access,Critical,192.168.1.37
01-01-2023 21:42,4,File Access,Low,192.168.1.71
01-01-2023 21:43,2,Network Scan,Low,192.168.1.6
01-01-2023 21:44,5,Login Attempt,High,192.168.1.51
01-01-2023 21:45,7,File Access,Low,192.168.1.79
01-01-2023 21:46,2,File Access,High,192.168.1.99
01-01-2023 21:47,5,Network Scan,Low,192.168.1.50
01-01-2023 21:48,2,File Access,Low,192.168.1.96
01-01-2023 21:49,1,File Access,High,192.168.1.14
01-01-2023 21:50,6,Login Attempt,Low,192.168.1.99
01-01-2023 21:51,4,File Access,Medium,192.168.1.11
01-01-2023 21:52,7,Network Scan,Low,192.168.1.10
01-01-2023 21:53,7,Login Attempt,Critical,192.168.1.61
01-01-2023 21:54,6,Login Attempt,High,192.168.1.81
01-01-2023 21:55,6,Login Attempt,High,192.168.1.13
01-01-2023 21:56,6,Malware Detection,Medium,192.168.1.34
01-01-2023 21:57,7,Network Scan,Critical,192.168.1.60
01-01-2023 21:58,4,Malware Detection,Low,192.168.1.51
01-01-2023 21:59,9,File Access,Medium,192.168.1.5
01-01-2023 22:00,4,Login Attempt,Low,192.168.1.74
01-01-2023 22:01,6,Malware Detection,Medium,192.168.1.32
01-01-2023 22:02,7,File Access,High,192.168.1.12
01-01-2023 22:03,4,Malware Detection,Critical,192.168.1.52
01-01-2023 22:04,6,Login Attempt,High,192.168.1.13
01-01-2023 22:05,2,File Access,Medium,192.168.1.85
01-01-2023 22:06,6,Login Attempt,Low,192.168.1.54
01-01-2023 22:07,4,Login Attempt,Critical,192.168.1.97
01-01-2023 22:08,3,Malware Detection,Low,192.168.1.54
01-01-2023 22:09,3,Network Scan,High,192.168.1.41
01-01-2023 22:10,5,File Access,Low,192.168.1.48
01-01-2023 22:11,3,File Access,Medium,192.168.1.51
01-01-2023 22:12,4,Network Scan,Critical,192.168.1.47
01-01-2023 22:13,3,File Access,Critical,192.168.1.50
01-01-2023 22:14,6,Malware Detection,Critical,192.168.1.96
01-01-2023 22:15,9,File Access,Medium,192.168.1.76
01-01-2023 22:16,5,Malware Detection,Low,192.168.1.46
01-01-2023 22:17,6,File Access,Critical,192.168.1.99
01-01-2023 22:18,4,Malware Detection,High,192.168.1.100
01-01-2023 22:19,3,Network Scan,High,192.168.1.38
01-01-2023 22:20,9,File Access,High,192.168.1.92
01-01-2023 22:21,3,Malware Detection,High,192.168.1.13
01-01-2023 22:22,9,Login Attempt,High,192.168.1.76
01-01-2023 22:23,4,Login Attempt,Medium,192.168.1.22
01-01-2023 22:24,8,Login Attempt,Low,192.168.1.2
01-01-2023 22:25,3,File Access,Medium,192.168.1.93
01-01-2023 22:26,3,Malware Detection,High,192.168.1.77
01-01-2023 22:27,5,Login Attempt,High,192.168.1.99
01-01-2023 22:28,8,File Access,Critical,192.168.1.13
01-01-2023 22:29,3,Malware Detection,Critical,192.168.1.57
01-01-2023 22:30,4,Login Attempt,Low,192.168.1.34
01-01-2023 22:31,8,Login Attempt,Low,192.168.1.19
01-01-2023 22:32,3,File Access,Low,192.168.1.9
01-01-2023 22:33,3,Malware Detection,Medium,192.168.1.95
01-01-2023 22:34,2,File Access,Critical,192.168.1.33
01-01-2023 22:35,7,Login Attempt,Low,192.168.1.27
01-01-2023 22:36,2,File Access,Critical,192.168.1.45
01-01-2023 22:37,6,File Access,Critical,192.168.1.2
01-01-2023 22:38,5,Login Attempt,Critical,192.168.1.79
01-01-2023 22:39,6,Login Attempt,Critical,192.168.1.83
01-01-2023 22:40,2,Malware Detection,Critical,192.168.1.57
01-01-2023 22:41,10,Malware Detection,Critical,192.168.1.95
01-01-2023 22:42,3,Login Attempt,Medium,192.168.1.57
01-01-2023 22:43,6,Login Attempt,High,192.168.1.16
01-01-2023 22:44,5,Network Scan,Critical,192.168.1.79
01-01-2023 22:45,7,Network Scan,Medium,192.168.1.6
01-01-2023 22:46,6,Malware Detection,Low,192.168.1.14
01-01-2023 22:47,7,File Access,Medium,192.168.1.27
01-01-2023 22:48,4,Login Attempt,Medium,192.168.1.38
01-01-2023 22:49,7,Login Attempt,Medium,192.168.1.19
01-01-2023 22:50,2,File Access,Critical,192.168.1.37
01-01-2023 22:51,6,Malware Detection,Low,192.168.1.4
01-01-2023 22:52,7,Network Scan,Medium,192.168.1.58
01-01-2023 22:53,5,Malware Detection,Low,192.168.1.90
01-01-2023 22:54,4,File Access,Medium,192.168.1.9
01-01-2023 22:55,5,Login Attempt,Critical,192.168.1.40
01-01-2023 22:56,2,Network Scan,Medium,192.168.1.15
01-01-2023 22:57,8,File Access,Medium,192.168.1.4
01-01-2023 22:58,5,Login Attempt,Low,192.168.1.90
01-01-2023 22:59,6,Malware Detection,Low,192.168.1.52
01-01-2023 23:00,5,Network Scan,Low,192.168.1.18
01-01-2023 23:01,6,Login Attempt,High,192.168.1.53
01-01-2023 23:02,8,Login Attempt,Low,192.168.1.59
01-01-2023 23:03,7,Login Attempt,Medium,192.168.1.99
01-01-2023 23:04,0,Login Attempt,High,192.168.1.54
01-01-2023 23:05,4,Login Attempt,Low,192.168.1.41
01-01-2023 23:06,7,Malware Detection,Critical,192.168.1.60
01-01-2023 23:07,7,File Access,Low,192.168.1.93
01-01-2023 23:08,2,Network Scan,Critical,192.168.1.88
01-01-2023 23:09,3,Malware Detection,High,192.168.1.4
01-01-2023 23:10,9,Network Scan,Critical,192.168.1.85
01-01-2023 23:11,7,Login Attempt,High,192.168.1.39
01-01-2023 23:12,8,File Access,Critical,192.168.1.7
01-01-2023 23:13,4,Login Attempt,Low,192.168.1.23
01-01-2023 23:14,2,Malware Detection,High,192.168.1.85
01-01-2023 23:15,6,Malware Detection,Medium,192.168.1.63
01-01-2023 23:16,2,Network Scan,Medium,192.168.1.65
01-01-2023 23:17,4,Login Attempt,Medium,192.168.1.41
01-01-2023 23:18,9,Login Attempt,Low,192.168.1.89
01-01-2023 23:19,4,File Access,Medium,192.168.1.95
01-01-2023 23:20,3,File Access,High,192.168.1.44
01-01-2023 23:21,4,Login Attempt,Medium,192.168.1.45
01-01-2023 23:22,2,Network Scan,High,192.168.1.69
01-01-2023 23:23,7,File Access,Medium,192.168.1.95
01-01-2023 23:24,7,Login Attempt,Critical,192.168.1.51
01-01-2023 23:25,2,Login Attempt,High,192.168.1.65
01-01-2023 23:26,4,Login Attempt,Medium,192.168.1.54
01-01-2023 23:27,4,Malware Detection,Medium,192.168.1.56
01-01-2023 23:28,5,Network Scan,Medium,192.168.1.94
01-01-2023 23:29,6,Login Attempt,High,192.168.1.82
01-01-2023 23:30,6,Login Attempt,High,192.168.1.72
01-01-2023 23:31,8,Login Attempt,Medium,192.168.1.90
01-01-2023 23:32,4,File Access,Critical,192.168.1.40
01-01-2023 23:33,1,Login Attempt,High,192.168.1.58
01-01-2023 23:34,4,Malware Detection,High,192.168.1.15
01-01-2023 23:35,6,Malware Detection,Critical,192.168.1.19
01-01-2023 23:36,3,Network Scan,Low,192.168.1.10
01-01-2023 23:37,4,Login Attempt,Critical,192.168.1.88
01-01-2023 23:38,1,Login Attempt,Medium,192.168.1.16
01-01-2023 23:39,7,Login Attempt,High,192.168.1.43
01-01-2023 23:40,2,Malware Detection,High,192.168.1.31
01-01-2023 23:41,9,File Access,High,192.168.1.16
01-01-2023 23:42,6,File Access,High,192.168.1.80
01-01-2023 23:43,5,Login Attempt,Low,192.168.1.28
01-01-2023 23:44,10,File Access,High,192.168.1.62
01-01-2023 23:45,7,Network Scan,High,192.168.1.20
01-01-2023 23:46,5,Malware Detection,Low,192.168.1.35
01-01-2023 23:47,4,Login Attempt,Medium,192.168.1.59
01-01-2023 23:48,11,File Access,Medium,192.168.1.9
01-01-2023 23:49,4,Login Attempt,Low,192.168.1.10
01-01-2023 23:50,3,Login Attempt,Medium,192.168.1.45
01-01-2023 23:51,1,Malware Detection,Medium,192.168.1.82
01-01-2023 23:52,7,Malware Detection,Critical,192.168.1.15
01-01-2023 23:53,5,File Access,Critical,192.168.1.30
01-01-2023 23:54,7,Malware Detection,Critical,192.168.1.48
01-01-2023 23:55,5,Network Scan,Low,192.168.1.96
01-01-2023 23:56,2,Login Attempt,High,192.168.1.40
01-01-2023 23:57,5,Malware Detection,Low,192.168.1.91
01-01-2023 23:58,9,File Access,Low,192.168.1.91
01-01-2023 23:59,11,File Access,Low,192.168.1.83
