17-12-2024 14:53,192.168.1.41,random.org,SERVFAIL
17-12-2024 14:54,192.168.1.96,phishing-page.xyz,REFUSED
17-12-2024 14:57,192.168.1.70,testsite.net,SERVFAIL
17-12-2024 15:00,192.168.1.155,legit-shop.co,SERVFAIL
17-12-2024 15:05,192.168.1.24,legit-shop.co,SERVFAIL
17-12-2024 15:06,192.168.1.144,malicious-site.biz,SERVFAIL
17-12-2024 15:08,192.168.1.248,example.com,NXDOMAIN
17-12-2024 15:08,192.168.1.82,testsite.net,REFUSED
17-12-2024 15:11,192.168.1.109,testsite.net,SERVFAIL
17-12-2024 15:11,192.168.1.155,example.com,REFUSED
17-12-2024 15:12,192.168.1.196,malicious-site.biz,SERVFAIL
17-12-2024 15:14,192.168.1.38,phishing-page.xyz,NOERROR
17-12-2024 15:14,192.168.1.238,example.com,NOERROR
17-12-2024 15:16,192.168.1.126,testsite.net,SERVFAIL
17-12-2024 15:16,192.168.1.19,legit-shop.co,NOERROR
17-12-2024 15:16,192.168.1.92,example.com,REFUSED
17-12-2024 15:18,192.168.1.218,phishing-page.xyz,SERVFAIL
17-12-2024 15:19,192.168.1.57,random.org,NOERROR
17-12-2024 15:20,192.168.1.185,malicious-site.biz,SERVFAIL
17-12-2024 15:21,192.168.1.26,phishing-page.xyz,NOERROR
17-12-2024 15:21,192.168.1.109,legit-shop.co,REFUSED
17-12-2024 15:26,192.168.1.31,legit-shop.co,REFUSED
17-12-2024 15:26,192.168.1.160,malicious-site.biz,REFUSED
17-12-2024 15:26,192.168.1.22,example.com,SERVFAIL
17-12-2024 15:29,192.168.1.119,random.org,REFUSED
17-12-2024 15:32,192.168.1.242,example.com,REFUSED
17-12-2024 15:34,192.168.1.101,legit-shop.co,REFUSED
17-12-2024 15:36,192.168.1.214,malicious-site.biz,REFUSED
17-12-2024 15:36,192.168.1.160,testsite.net,NOERROR
17-12-2024 15:37,192.168.1.177,random.org,NXDOMAIN
17-12-2024 15:43,192.168.1.254,example.com,NXDOMAIN
17-12-2024 15:44,192.168.1.67,phishing-page.xyz,REFUSED
17-12-2024 15:45,192.168.1.155,legit-shop.co,NOERROR
17-12-2024 15:46,192.168.1.34,testsite.net,SERVFAIL
17-12-2024 15:48,192.168.1.40,testsite.net,NOERROR
17-12-2024 15:48,192.168.1.194,phishing-page.xyz,NXDOMAIN
17-12-2024 15:50,192.168.1.230,testsite.net,REFUSED
17-12-2024 15:52,192.168.1.235,testsite.net,SERVFAIL
17-12-2024 15:57,192.168.1.37,random.org,SERVFAIL
17-12-2024 16:00,192.168.1.54,example.com,REFUSED
17-12-2024 16:02,192.168.1.211,random.org,SERVFAIL
17-12-2024 16:03,192.168.1.187,malicious-site.biz,NXDOMAIN
17-12-2024 16:03,192.168.1.172,legit-shop.co,SERVFAIL
17-12-2024 16:04,192.168.1.133,example.com,SERVFAIL
17-12-2024 16:06,192.168.1.165,phishing-page.xyz,NOERROR
17-12-2024 16:08,192.168.1.58,testsite.net,SERVFAIL
17-12-2024 16:11,192.168.1.66,example.com,SERVFAIL
17-12-2024 16:12,192.168.1.33,phishing-page.xyz,NOERROR
17-12-2024 16:15,192.168.1.154,malicious-site.biz,REFUSED
17-12-2024 16:17,192.168.1.183,random.org,NXDOMAIN
17-12-2024 16:22,192.168.1.111,random.org,NOERROR
17-12-2024 16:23,192.168.1.65,legit-shop.co,REFUSED
17-12-2024 16:25,192.168.1.96,random.org,REFUSED
17-12-2024 16:25,192.168.1.75,testsite.net,NOERROR
17-12-2024 16:26,192.168.1.64,example.com,REFUSED
17-12-2024 16:27,192.168.1.66,malicious-site.biz,NOERROR
17-12-2024 16:31,192.168.1.107,example.com,NXDOMAIN
17-12-2024 16:32,192.168.1.145,testsite.net,SERVFAIL
17-12-2024 16:32,192.168.1.39,example.com,REFUSED
17-12-2024 16:32,192.168.1.118,testsite.net,NOERROR
17-12-2024 16:33,192.168.1.116,random.org,REFUSED
17-12-2024 16:34,192.168.1.89,malicious-site.biz,NXDOMAIN
17-12-2024 16:35,192.168.1.18,random.org,SERVFAIL
17-12-2024 16:36,192.168.1.187,example.com,REFUSED
17-12-2024 16:37,192.168.1.136,example.com,NXDOMAIN
17-12-2024 16:37,192.168.1.216,legit-shop.co,NOERROR
17-12-2024 16:39,192.168.1.203,testsite.net,SERVFAIL
17-12-2024 16:40,192.168.1.84,testsite.net,NXDOMAIN
17-12-2024 16:43,192.168.1.254,random.org,NOERROR
17-12-2024 16:43,192.168.1.24,phishing-page.xyz,NXDOMAIN
17-12-2024 16:44,192.168.1.208,example.com,NOERROR
17-12-2024 16:47,192.168.1.175,phishing-page.xyz,REFUSED
17-12-2024 16:47,192.168.1.166,legit-shop.co,SERVFAIL
17-12-2024 16:48,192.168.1.104,random.org,REFUSED
17-12-2024 16:49,192.168.1.134,random.org,SERVFAIL
17-12-2024 16:49,192.168.1.221,phishing-page.xyz,SERVFAIL
17-12-2024 16:51,192.168.1.232,random.org,REFUSED
17-12-2024 16:52,192.168.1.107,example.com,REFUSED
17-12-2024 16:53,192.168.1.171,malicious-site.biz,REFUSED
17-12-2024 16:54,192.168.1.45,example.com,NXDOMAIN
17-12-2024 16:56,192.168.1.196,example.com,NOERROR
17-12-2024 16:56,192.168.1.204,example.com,NXDOMAIN
17-12-2024 16:58,192.168.1.19,random.org,SERVFAIL
17-12-2024 16:58,192.168.1.10,example.com,NXDOMAIN
17-12-2024 17:00,192.168.1.159,example.com,NOERROR
17-12-2024 17:01,192.168.1.247,random.org,NXDOMAIN
17-12-2024 17:01,192.168.1.249,example.com,REFUSED
17-12-2024 17:02,192.168.1.122,testsite.net,NOERROR
17-12-2024 17:03,192.168.1.153,testsite.net,SERVFAIL
17-12-2024 17:05,192.168.1.28,random.org,SERVFAIL
17-12-2024 17:06,192.168.1.89,phishing-page.xyz,NXDOMAIN
17-12-2024 17:08,192.168.1.74,phishing-page.xyz,REFUSED
17-12-2024 17:10,192.168.1.6,example.com,NOERROR
17-12-2024 17:11,192.168.1.142,phishing-page.xyz,REFUSED
17-12-2024 17:11,192.168.1.76,testsite.net,SERVFAIL
17-12-2024 17:11,192.168.1.111,phishing-page.xyz,NXDOMAIN
17-12-2024 17:14,192.168.1.208,testsite.net,NXDOMAIN
17-12-2024 17:15,192.168.1.133,legit-shop.co,SERVFAIL
17-12-2024 17:16,192.168.1.162,testsite.net,NOERROR
17-12-2024 17:16,192.168.1.38,random.org,NXDOMAIN
17-12-2024 17:16,192.168.1.3,testsite.net,NOERROR
17-12-2024 17:18,192.168.1.184,malicious-site.biz,REFUSED
17-12-2024 17:20,192.168.1.191,example.com,SERVFAIL
17-12-2024 17:22,192.168.1.106,phishing-page.xyz,SERVFAIL
17-12-2024 17:26,192.168.1.185,malicious-site.biz,REFUSED
17-12-2024 17:26,192.168.1.13,testsite.net,NOERROR
17-12-2024 17:29,192.168.1.88,legit-shop.co,NXDOMAIN
17-12-2024 17:29,192.168.1.84,example.com,REFUSED
17-12-2024 17:30,192.168.1.69,random.org,SERVFAIL
17-12-2024 17:31,192.168.1.182,phishing-page.xyz,SERVFAIL
17-12-2024 17:32,192.168.1.56,malicious-site.biz,NOERROR
17-12-2024 17:32,192.168.1.198,phishing-page.xyz,NXDOMAIN
17-12-2024 17:36,192.168.1.60,legit-shop.co,NOERROR
17-12-2024 17:38,192.168.1.222,example.com,REFUSED
17-12-2024 17:38,192.168.1.250,malicious-site.biz,REFUSED
17-12-2024 17:44,192.168.1.184,testsite.net,SERVFAIL
17-12-2024 17:44,192.168.1.214,testsite.net,SERVFAIL
17-12-2024 17:45,192.168.1.135,random.org,NOERROR
17-12-2024 17:47,192.168.1.160,phishing-page.xyz,SERVFAIL
17-12-2024 17:48,192.168.1.9,legit-shop.co,REFUSED
17-12-2024 17:49,192.168.1.148,legit-shop.co,SERVFAIL
17-12-2024 17:49,192.168.1.90,example.com,REFUSED
17-12-2024 17:50,192.168.1.26,random.org,NOERROR
17-12-2024 17:51,192.168.1.244,legit-shop.co,SERVFAIL
17-12-2024 17:52,192.168.1.253,phishing-page.xyz,NXDOMAIN
17-12-2024 17:53,192.168.1.184,random.org,NXDOMAIN
17-12-2024 17:53,192.168.1.31,legit-shop.co,REFUSED
17-12-2024 17:56,192.168.1.244,example.com,NXDOMAIN
17-12-2024 17:57,192.168.1.50,testsite.net,NXDOMAIN
17-12-2024 17:59,192.168.1.148,legit-shop.co,SERVFAIL
17-12-2024 18:00,192.168.1.17,legit-shop.co,NOERROR
17-12-2024 18:02,192.168.1.119,malicious-site.biz,SERVFAIL
17-12-2024 18:02,192.168.1.85,phishing-page.xyz,NXDOMAIN
17-12-2024 18:02,192.168.1.104,random.org,NXDOMAIN
17-12-2024 18:07,192.168.1.201,example.com,NOERROR
17-12-2024 18:08,192.168.1.202,random.org,NOERROR
17-12-2024 18:08,192.168.1.140,legit-shop.co,NOERROR
17-12-2024 18:11,192.168.1.123,legit-shop.co,NXDOMAIN
17-12-2024 18:13,192.168.1.91,random.org,REFUSED
17-12-2024 18:18,192.168.1.53,malicious-site.biz,NXDOMAIN
17-12-2024 18:18,192.168.1.70,random.org,SERVFAIL
17-12-2024 18:18,192.168.1.116,legit-shop.co,NOERROR
17-12-2024 18:20,192.168.1.82,random.org,REFUSED
17-12-2024 18:20,192.168.1.85,testsite.net,NXDOMAIN
17-12-2024 18:21,192.168.1.94,example.com,NOERROR
17-12-2024 18:22,192.168.1.71,legit-shop.co,SERVFAIL
17-12-2024 18:26,192.168.1.232,malicious-site.biz,SERVFAIL
17-12-2024 18:30,192.168.1.2,random.org,SERVFAIL
17-12-2024 18:30,192.168.1.111,malicious-site.biz,SERVFAIL
17-12-2024 18:31,192.168.1.241,random.org,REFUSED
17-12-2024 18:33,192.168.1.212,malicious-site.biz,NOERROR
17-12-2024 18:36,192.168.1.17,example.com,NOERROR
17-12-2024 18:36,192.168.1.147,phishing-page.xyz,NXDOMAIN
17-12-2024 18:38,192.168.1.150,legit-shop.co,NOERROR
17-12-2024 18:40,192.168.1.147,phishing-page.xyz,NOERROR
17-12-2024 18:41,192.168.1.13,example.com,NOERROR
17-12-2024 18:43,192.168.1.38,random.org,NOERROR
17-12-2024 18:44,192.168.1.189,malicious-site.biz,NOERROR
17-12-2024 18:48,192.168.1.38,malicious-site.biz,REFUSED
17-12-2024 18:50,192.168.1.52,random.org,SERVFAIL
17-12-2024 18:50,192.168.1.49,testsite.net,REFUSED
17-12-2024 18:51,192.168.1.106,testsite.net,SERVFAIL
17-12-2024 18:55,192.168.1.196,phishing-page.xyz,SERVFAIL
17-12-2024 18:57,192.168.1.40,testsite.net,REFUSED
17-12-2024 18:58,192.168.1.134,legit-shop.co,REFUSED
17-12-2024 18:59,192.168.1.92,legit-shop.co,NOERROR
17-12-2024 18:59,192.168.1.129,malicious-site.biz,NOERROR
17-12-2024 19:02,192.168.1.115,phishing-page.xyz,NXDOMAIN
17-12-2024 19:03,192.168.1.15,phishing-page.xyz,NXDOMAIN
17-12-2024 19:03,192.168.1.69,legit-shop.co,REFUSED
17-12-2024 19:05,192.168.1.116,random.org,NOERROR
17-12-2024 19:07,192.168.1.6,example.com,NXDOMAIN
17-12-2024 19:12,192.168.1.202,example.com,NXDOMAIN
17-12-2024 19:14,192.168.1.227,legit-shop.co,SERVFAIL
17-12-2024 19:15,192.168.1.162,example.com,NXDOMAIN
17-12-2024 19:15,192.168.1.44,testsite.net,NXDOMAIN
17-12-2024 19:16,192.168.1.232,phishing-page.xyz,NXDOMAIN
17-12-2024 19:16,192.168.1.153,random.org,REFUSED
17-12-2024 19:17,192.168.1.191,phishing-page.xyz,NXDOMAIN
17-12-2024 19:17,192.168.1.165,legit-shop.co,SERVFAIL
17-12-2024 19:18,192.168.1.148,malicious-site.biz,NOERROR
17-12-2024 19:19,192.168.1.135,malicious-site.biz,REFUSED
17-12-2024 19:19,192.168.1.157,random.org,REFUSED
17-12-2024 19:21,192.168.1.166,random.org,NXDOMAIN
17-12-2024 19:26,192.168.1.37,testsite.net,NXDOMAIN
17-12-2024 19:29,192.168.1.23,legit-shop.co,SERVFAIL
17-12-2024 19:31,192.168.1.170,random.org,SERVFAIL
17-12-2024 19:31,192.168.1.91,testsite.net,SERVFAIL
17-12-2024 19:32,192.168.1.177,phishing-page.xyz,REFUSED
17-12-2024 19:33,192.168.1.244,legit-shop.co,NXDOMAIN
17-12-2024 19:37,192.168.1.188,phishing-page.xyz,SERVFAIL
17-12-2024 19:38,192.168.1.72,example.com,NXDOMAIN
17-12-2024 19:38,192.168.1.150,random.org,NOERROR
17-12-2024 19:41,192.168.1.88,malicious-site.biz,NXDOMAIN
17-12-2024 19:44,192.168.1.171,phishing-page.xyz,NXDOMAIN
17-12-2024 19:49,192.168.1.197,testsite.net,NXDOMAIN
17-12-2024 19:50,192.168.1.82,testsite.net,REFUSED
17-12-2024 19:50,192.168.1.163,phishing-page.xyz,SERVFAIL
17-12-2024 19:52,192.168.1.57,example.com,REFUSED
17-12-2024 19:53,192.168.1.211,malicious-site.biz,REFUSED
17-12-2024 19:53,192.168.1.172,malicious-site.biz,NXDOMAIN
17-12-2024 19:53,192.168.1.34,malicious-site.biz,SERVFAIL
17-12-2024 19:53,192.168.1.147,legit-shop.co,NOERROR
17-12-2024 19:54,192.168.1.229,testsite.net,NXDOMAIN
17-12-2024 19:58,192.168.1.91,random.org,REFUSED
17-12-2024 19:58,192.168.1.225,phishing-page.xyz,NOERROR
17-12-2024 20:00,192.168.1.175,legit-shop.co,NOERROR
17-12-2024 20:01,192.168.1.160,random.org,REFUSED
17-12-2024 20:02,192.168.1.205,random.org,REFUSED
17-12-2024 20:02,192.168.1.58,example.com,NXDOMAIN
17-12-2024 20:03,192.168.1.124,testsite.net,SERVFAIL
17-12-2024 20:04,192.168.1.207,random.org,REFUSED
17-12-2024 20:06,192.168.1.230,example.com,NOERROR
17-12-2024 20:09,192.168.1.48,malicious-site.biz,REFUSED
17-12-2024 20:10,192.168.1.164,testsite.net,NOERROR
17-12-2024 20:11,192.168.1.164,testsite.net,NOERROR
17-12-2024 20:12,192.168.1.100,malicious-site.biz,REFUSED
17-12-2024 20:13,192.168.1.42,malicious-site.biz,REFUSED
17-12-2024 20:17,192.168.1.250,phishing-page.xyz,SERVFAIL
17-12-2024 20:19,192.168.1.67,phishing-page.xyz,NOERROR
17-12-2024 20:19,192.168.1.111,testsite.net,NXDOMAIN
17-12-2024 20:21,192.168.1.100,legit-shop.co,NXDOMAIN
17-12-2024 20:21,192.168.1.2,legit-shop.co,SERVFAIL
17-12-2024 20:23,192.168.1.115,legit-shop.co,REFUSED
17-12-2024 20:25,192.168.1.170,example.com,NXDOMAIN
17-12-2024 20:26,192.168.1.106,legit-shop.co,REFUSED
17-12-2024 20:26,192.168.1.3,random.org,NXDOMAIN
17-12-2024 20:27,192.168.1.15,legit-shop.co,REFUSED
17-12-2024 20:28,192.168.1.205,phishing-page.xyz,REFUSED
17-12-2024 20:31,192.168.1.149,phishing-page.xyz,NOERROR
17-12-2024 20:31,192.168.1.77,testsite.net,REFUSED
17-12-2024 20:32,192.168.1.54,random.org,NOERROR
17-12-2024 20:32,192.168.1.9,phishing-page.xyz,NOERROR
17-12-2024 20:35,192.168.1.236,malicious-site.biz,NXDOMAIN
17-12-2024 20:37,192.168.1.120,random.org,NOERROR
17-12-2024 20:41,192.168.1.191,malicious-site.biz,SERVFAIL
17-12-2024 20:42,192.168.1.94,testsite.net,NOERROR
17-12-2024 20:46,192.168.1.62,random.org,NOERROR
17-12-2024 20:46,192.168.1.142,malicious-site.biz,NXDOMAIN
17-12-2024 20:46,192.168.1.129,legit-shop.co,REFUSED
17-12-2024 20:46,192.168.1.68,phishing-page.xyz,NXDOMAIN
17-12-2024 20:47,192.168.1.53,example.com,NOERROR
17-12-2024 20:48,192.168.1.27,malicious-site.biz,REFUSED
17-12-2024 20:49,192.168.1.173,random.org,NXDOMAIN
17-12-2024 20:51,192.168.1.186,phishing-page.xyz,NXDOMAIN
17-12-2024 20:51,192.168.1.188,phishing-page.xyz,SERVFAIL
17-12-2024 20:52,192.168.1.38,testsite.net,REFUSED
17-12-2024 20:53,192.168.1.66,testsite.net,NOERROR
17-12-2024 20:54,192.168.1.163,example.com,NXDOMAIN
17-12-2024 20:55,192.168.1.50,malicious-site.biz,NOERROR
17-12-2024 20:57,192.168.1.167,testsite.net,NXDOMAIN
17-12-2024 20:58,192.168.1.104,example.com,NOERROR
17-12-2024 20:58,192.168.1.120,malicious-site.biz,SERVFAIL
17-12-2024 20:58,192.168.1.12,random.org,NOERROR
17-12-2024 20:58,192.168.1.46,phishing-page.xyz,SERVFAIL
17-12-2024 21:01,192.168.1.172,legit-shop.co,SERVFAIL
17-12-2024 21:01,192.168.1.118,malicious-site.biz,NXDOMAIN
17-12-2024 21:03,192.168.1.61,legit-shop.co,NXDOMAIN
17-12-2024 21:03,192.168.1.233,random.org,NOERROR
17-12-2024 21:05,192.168.1.168,example.com,SERVFAIL
17-12-2024 21:05,192.168.1.103,phishing-page.xyz,SERVFAIL
17-12-2024 21:06,192.168.1.245,malicious-site.biz,SERVFAIL
17-12-2024 21:06,192.168.1.83,testsite.net,SERVFAIL
17-12-2024 21:07,192.168.1.68,testsite.net,NOERROR
17-12-2024 21:08,192.168.1.75,example.com,NXDOMAIN
17-12-2024 21:08,192.168.1.226,testsite.net,SERVFAIL
17-12-2024 21:09,192.168.1.188,example.com,NXDOMAIN
17-12-2024 21:10,192.168.1.123,random.org,NXDOMAIN
17-12-2024 21:12,192.168.1.194,malicious-site.biz,SERVFAIL
17-12-2024 21:12,192.168.1.193,random.org,REFUSED
17-12-2024 21:16,192.168.1.217,example.com,SERVFAIL
17-12-2024 21:19,192.168.1.149,phishing-page.xyz,REFUSED
17-12-2024 21:23,192.168.1.13,phishing-page.xyz,NXDOMAIN
17-12-2024 21:23,192.168.1.60,random.org,REFUSED
17-12-2024 21:24,192.168.1.55,phishing-page.xyz,SERVFAIL
17-12-2024 21:25,192.168.1.20,example.com,NOERROR
17-12-2024 21:25,192.168.1.177,random.org,REFUSED
17-12-2024 21:26,192.168.1.127,testsite.net,SERVFAIL
17-12-2024 21:27,192.168.1.186,example.com,REFUSED
17-12-2024 21:27,192.168.1.152,testsite.net,SERVFAIL
17-12-2024 21:28,192.168.1.143,legit-shop.co,SERVFAIL
17-12-2024 21:28,192.168.1.85,example.com,NXDOMAIN
17-12-2024 21:33,192.168.1.73,phishing-page.xyz,NXDOMAIN
17-12-2024 21:35,192.168.1.151,phishing-page.xyz,NOERROR
17-12-2024 21:37,192.168.1.141,random.org,SERVFAIL
17-12-2024 21:41,192.168.1.49,testsite.net,NXDOMAIN
17-12-2024 21:41,192.168.1.132,example.com,NXDOMAIN
17-12-2024 21:42,192.168.1.98,malicious-site.biz,NXDOMAIN
17-12-2024 21:45,192.168.1.58,random.org,NOERROR
17-12-2024 21:48,192.168.1.191,malicious-site.biz,SERVFAIL
17-12-2024 21:48,192.168.1.120,example.com,SERVFAIL
17-12-2024 21:50,192.168.1.81,phishing-page.xyz,NXDOMAIN
17-12-2024 21:50,192.168.1.109,testsite.net,NOERROR
17-12-2024 21:51,192.168.1.226,random.org,NOERROR
17-12-2024 21:53,192.168.1.50,random.org,REFUSED
17-12-2024 21:55,192.168.1.52,testsite.net,SERVFAIL
17-12-2024 21:56,192.168.1.253,testsite.net,SERVFAIL
17-12-2024 21:59,192.168.1.100,random.org,NOERROR
17-12-2024 22:01,192.168.1.251,phishing-page.xyz,NXDOMAIN
17-12-2024 22:02,192.168.1.97,example.com,REFUSED
17-12-2024 22:04,192.168.1.51,testsite.net,NOERROR
17-12-2024 22:05,192.168.1.10,random.org,NXDOMAIN
17-12-2024 22:05,192.168.1.236,legit-shop.co,NXDOMAIN
17-12-2024 22:08,192.168.1.253,testsite.net,NXDOMAIN
17-12-2024 22:10,192.168.1.95,malicious-site.biz,NOERROR
17-12-2024 22:11,192.168.1.218,legit-shop.co,REFUSED
17-12-2024 22:11,192.168.1.142,phishing-page.xyz,REFUSED
17-12-2024 22:11,192.168.1.96,example.com,NOERROR
17-12-2024 22:11,192.168.1.242,example.com,SERVFAIL
17-12-2024 22:15,192.168.1.178,phishing-page.xyz,NXDOMAIN
17-12-2024 22:16,192.168.1.127,malicious-site.biz,NXDOMAIN
17-12-2024 22:17,192.168.1.36,legit-shop.co,NXDOMAIN
17-12-2024 22:18,192.168.1.60,example.com,NOERROR
17-12-2024 22:19,192.168.1.86,phishing-page.xyz,NXDOMAIN
17-12-2024 22:20,192.168.1.131,legit-shop.co,NXDOMAIN
17-12-2024 22:20,192.168.1.233,testsite.net,NXDOMAIN
17-12-2024 22:21,192.168.1.134,testsite.net,REFUSED
17-12-2024 22:23,192.168.1.206,random.org,SERVFAIL
17-12-2024 22:24,192.168.1.60,malicious-site.biz,NXDOMAIN
17-12-2024 22:26,192.168.1.10,example.com,SERVFAIL
17-12-2024 22:27,192.168.1.118,legit-shop.co,NXDOMAIN
17-12-2024 22:27,192.168.1.30,random.org,NOERROR
17-12-2024 22:28,192.168.1.46,legit-shop.co,REFUSED
17-12-2024 22:29,192.168.1.106,random.org,REFUSED
17-12-2024 22:31,192.168.1.71,phishing-page.xyz,SERVFAIL
17-12-2024 22:32,192.168.1.249,example.com,REFUSED
17-12-2024 22:33,192.168.1.153,legit-shop.co,REFUSED
17-12-2024 22:33,192.168.1.51,random.org,SERVFAIL
17-12-2024 22:34,192.168.1.6,phishing-page.xyz,NOERROR
17-12-2024 22:38,192.168.1.230,random.org,SERVFAIL
17-12-2024 22:38,192.168.1.147,random.org,NOERROR
17-12-2024 22:39,192.168.1.188,testsite.net,NXDOMAIN
17-12-2024 22:39,192.168.1.248,phishing-page.xyz,NOERROR
17-12-2024 22:42,192.168.1.188,example.com,SERVFAIL
17-12-2024 22:42,192.168.1.217,legit-shop.co,NOERROR
17-12-2024 22:43,192.168.1.171,testsite.net,SERVFAIL
17-12-2024 22:43,192.168.1.120,example.com,SERVFAIL
17-12-2024 22:44,192.168.1.202,phishing-page.xyz,NOERROR
17-12-2024 22:44,192.168.1.225,testsite.net,REFUSED
17-12-2024 22:48,192.168.1.148,malicious-site.biz,NXDOMAIN
17-12-2024 22:50,192.168.1.7,testsite.net,NXDOMAIN
17-12-2024 22:51,192.168.1.176,testsite.net,NXDOMAIN
17-12-2024 22:51,192.168.1.76,phishing-page.xyz,SERVFAIL
17-12-2024 22:52,192.168.1.213,example.com,REFUSED
17-12-2024 22:53,192.168.1.57,phishing-page.xyz,REFUSED
17-12-2024 22:53,192.168.1.234,random.org,REFUSED
17-12-2024 22:54,192.168.1.150,random.org,SERVFAIL
17-12-2024 22:55,192.168.1.213,malicious-site.biz,NXDOMAIN
17-12-2024 22:57,192.168.1.136,malicious-site.biz,NXDOMAIN
17-12-2024 22:58,192.168.1.105,testsite.net,NXDOMAIN
17-12-2024 22:59,192.168.1.47,testsite.net,NXDOMAIN
17-12-2024 22:59,192.168.1.234,example.com,REFUSED
17-12-2024 23:00,192.168.1.3,testsite.net,NOERROR
17-12-2024 23:00,192.168.1.144,random.org,SERVFAIL
17-12-2024 23:01,192.168.1.27,phishing-page.xyz,SERVFAIL
17-12-2024 23:02,192.168.1.68,legit-shop.co,SERVFAIL
17-12-2024 23:02,192.168.1.67,random.org,SERVFAIL
17-12-2024 23:03,192.168.1.158,example.com,SERVFAIL
17-12-2024 23:04,192.168.1.15,testsite.net,REFUSED
17-12-2024 23:05,192.168.1.92,example.com,SERVFAIL
17-12-2024 23:07,192.168.1.185,phishing-page.xyz,NOERROR
17-12-2024 23:07,192.168.1.210,example.com,NXDOMAIN
17-12-2024 23:09,192.168.1.19,malicious-site.biz,NXDOMAIN
17-12-2024 23:13,192.168.1.224,phishing-page.xyz,NOERROR
17-12-2024 23:14,192.168.1.122,malicious-site.biz,NOERROR
17-12-2024 23:15,192.168.1.106,example.com,NXDOMAIN
17-12-2024 23:16,192.168.1.251,random.org,NXDOMAIN
17-12-2024 23:22,192.168.1.112,malicious-site.biz,NOERROR
17-12-2024 23:22,192.168.1.21,random.org,REFUSED
17-12-2024 23:24,192.168.1.30,testsite.net,NXDOMAIN
17-12-2024 23:24,192.168.1.188,phishing-page.xyz,SERVFAIL
17-12-2024 23:27,192.168.1.128,testsite.net,NXDOMAIN
17-12-2024 23:27,192.168.1.189,random.org,SERVFAIL
17-12-2024 23:27,192.168.1.185,example.com,REFUSED
17-12-2024 23:28,192.168.1.5,malicious-site.biz,NOERROR
17-12-2024 23:30,192.168.1.159,random.org,NXDOMAIN
17-12-2024 23:31,192.168.1.176,testsite.net,REFUSED
17-12-2024 23:32,192.168.1.39,malicious-site.biz,REFUSED
17-12-2024 23:35,192.168.1.9,malicious-site.biz,SERVFAIL
17-12-2024 23:36,192.168.1.189,random.org,REFUSED
17-12-2024 23:37,192.168.1.95,legit-shop.co,REFUSED
17-12-2024 23:41,192.168.1.119,random.org,SERVFAIL
17-12-2024 23:42,192.168.1.102,example.com,REFUSED
17-12-2024 23:43,192.168.1.45,example.com,NOERROR
17-12-2024 23:44,192.168.1.10,example.com,REFUSED
17-12-2024 23:44,192.168.1.241,legit-shop.co,SERVFAIL
17-12-2024 23:44,192.168.1.246,random.org,NXDOMAIN
17-12-2024 23:45,192.168.1.200,malicious-site.biz,NOERROR
17-12-2024 23:46,192.168.1.67,example.com,NOERROR
17-12-2024 23:51,192.168.1.160,testsite.net,SERVFAIL
17-12-2024 23:57,192.168.1.216,random.org,NXDOMAIN
17-12-2024 23:59,192.168.1.141,random.org,NOERROR
18-12-2024 00:01,192.168.1.38,legit-shop.co,SERVFAIL
18-12-2024 00:01,192.168.1.27,malicious-site.biz,REFUSED
18-12-2024 00:05,192.168.1.88,legit-shop.co,NXDOMAIN
18-12-2024 00:07,192.168.1.58,random.org,NOERROR
18-12-2024 00:08,192.168.1.178,malicious-site.biz,SERVFAIL
18-12-2024 00:08,192.168.1.112,testsite.net,NXDOMAIN
18-12-2024 00:08,192.168.1.97,malicious-site.biz,NXDOMAIN
18-12-2024 00:09,192.168.1.250,phishing-page.xyz,NXDOMAIN
18-12-2024 00:10,192.168.1.125,phishing-page.xyz,NXDOMAIN
18-12-2024 00:12,192.168.1.156,legit-shop.co,REFUSED
18-12-2024 00:14,192.168.1.128,random.org,NOERROR
18-12-2024 00:15,192.168.1.148,malicious-site.biz,REFUSED
18-12-2024 00:16,192.168.1.41,legit-shop.co,NXDOMAIN
18-12-2024 00:20,192.168.1.191,example.com,NOERROR
18-12-2024 00:20,192.168.1.251,random.org,NXDOMAIN
18-12-2024 00:22,192.168.1.205,example.com,NXDOMAIN
18-12-2024 00:22,192.168.1.197,phishing-page.xyz,REFUSED
18-12-2024 00:23,192.168.1.10,legit-shop.co,NXDOMAIN
18-12-2024 00:24,192.168.1.2,testsite.net,REFUSED
18-12-2024 00:25,192.168.1.54,phishing-page.xyz,REFUSED
18-12-2024 00:26,192.168.1.32,legit-shop.co,NXDOMAIN
18-12-2024 00:28,192.168.1.75,phishing-page.xyz,NXDOMAIN
18-12-2024 00:28,192.168.1.249,example.com,REFUSED
18-12-2024 00:31,192.168.1.46,malicious-site.biz,SERVFAIL
18-12-2024 00:32,192.168.1.201,malicious-site.biz,REFUSED
18-12-2024 00:36,192.168.1.194,malicious-site.biz,NXDOMAIN
18-12-2024 00:37,192.168.1.127,phishing-page.xyz,SERVFAIL
18-12-2024 00:40,192.168.1.53,example.com,NXDOMAIN
18-12-2024 00:41,192.168.1.157,random.org,REFUSED
18-12-2024 00:42,192.168.1.205,random.org,SERVFAIL
18-12-2024 00:44,192.168.1.166,malicious-site.biz,NOERROR
18-12-2024 00:46,192.168.1.31,legit-shop.co,NXDOMAIN
18-12-2024 00:47,192.168.1.97,random.org,SERVFAIL
18-12-2024 00:50,192.168.1.73,phishing-page.xyz,NXDOMAIN
18-12-2024 00:50,192.168.1.137,malicious-site.biz,SERVFAIL
18-12-2024 00:53,192.168.1.181,example.com,REFUSED
18-12-2024 00:53,192.168.1.30,malicious-site.biz,NOERROR
18-12-2024 00:53,192.168.1.64,legit-shop.co,REFUSED
18-12-2024 00:55,192.168.1.149,random.org,REFUSED
18-12-2024 00:55,192.168.1.220,testsite.net,REFUSED
18-12-2024 00:57,192.168.1.112,legit-shop.co,REFUSED
18-12-2024 00:57,192.168.1.245,testsite.net,SERVFAIL
18-12-2024 00:59,192.168.1.172,example.com,NXDOMAIN
18-12-2024 00:59,192.168.1.82,example.com,REFUSED
18-12-2024 01:01,192.168.1.192,random.org,NXDOMAIN
18-12-2024 01:05,192.168.1.47,phishing-page.xyz,REFUSED
18-12-2024 01:07,192.168.1.150,malicious-site.biz,REFUSED
18-12-2024 01:09,192.168.1.221,testsite.net,NOERROR
18-12-2024 01:10,192.168.1.68,legit-shop.co,REFUSED
18-12-2024 01:18,192.168.1.164,malicious-site.biz,REFUSED
18-12-2024 01:19,192.168.1.182,phishing-page.xyz,REFUSED
18-12-2024 01:19,192.168.1.23,example.com,REFUSED
18-12-2024 01:20,192.168.1.77,random.org,REFUSED
18-12-2024 01:26,192.168.1.224,malicious-site.biz,NXDOMAIN
18-12-2024 01:33,192.168.1.173,random.org,REFUSED
18-12-2024 01:33,192.168.1.136,malicious-site.biz,SERVFAIL
18-12-2024 01:37,192.168.1.182,example.com,NXDOMAIN
18-12-2024 01:38,192.168.1.234,testsite.net,REFUSED
18-12-2024 01:38,192.168.1.94,legit-shop.co,NOERROR
18-12-2024 01:41,192.168.1.189,random.org,REFUSED
18-12-2024 01:42,192.168.1.214,testsite.net,NXDOMAIN
18-12-2024 01:43,192.168.1.216,testsite.net,NOERROR
18-12-2024 01:57,192.168.1.213,phishing-page.xyz,SERVFAIL
18-12-2024 01:59,192.168.1.58,legit-shop.co,SERVFAIL
18-12-2024 02:02,192.168.1.34,phishing-page.xyz,SERVFAIL
18-12-2024 02:02,192.168.1.102,random.org,NXDOMAIN
18-12-2024 02:04,192.168.1.148,testsite.net,SERVFAIL
18-12-2024 02:05,192.168.1.236,phishing-page.xyz,SERVFAIL
18-12-2024 02:06,192.168.1.170,malicious-site.biz,SERVFAIL
18-12-2024 02:07,192.168.1.221,legit-shop.co,NXDOMAIN
18-12-2024 02:09,192.168.1.2,random.org,SERVFAIL
18-12-2024 02:11,192.168.1.218,random.org,REFUSED
18-12-2024 02:13,192.168.1.209,malicious-site.biz,REFUSED
18-12-2024 02:15,192.168.1.90,phishing-page.xyz,NXDOMAIN
18-12-2024 02:15,192.168.1.138,random.org,SERVFAIL
18-12-2024 02:15,192.168.1.133,malicious-site.biz,SERVFAIL
18-12-2024 02:18,192.168.1.54,example.com,SERVFAIL
18-12-2024 02:19,192.168.1.26,phishing-page.xyz,NXDOMAIN
18-12-2024 02:19,192.168.1.20,testsite.net,NXDOMAIN
18-12-2024 02:25,192.168.1.180,legit-shop.co,NOERROR
18-12-2024 02:25,192.168.1.223,malicious-site.biz,SERVFAIL
18-12-2024 02:26,192.168.1.119,legit-shop.co,NXDOMAIN
18-12-2024 02:27,192.168.1.114,random.org,NXDOMAIN
18-12-2024 02:28,192.168.1.163,example.com,NXDOMAIN
18-12-2024 02:30,192.168.1.96,testsite.net,SERVFAIL
18-12-2024 02:30,192.168.1.134,malicious-site.biz,NOERROR
18-12-2024 02:32,192.168.1.171,phishing-page.xyz,NXDOMAIN
18-12-2024 02:33,192.168.1.161,example.com,REFUSED
18-12-2024 02:34,192.168.1.54,phishing-page.xyz,REFUSED
18-12-2024 02:35,192.168.1.235,phishing-page.xyz,SERVFAIL
18-12-2024 02:36,192.168.1.161,random.org,NXDOMAIN
18-12-2024 02:38,192.168.1.124,example.com,NOERROR
18-12-2024 02:41,192.168.1.17,random.org,NOERROR
18-12-2024 02:44,192.168.1.16,phishing-page.xyz,NOERROR
18-12-2024 02:45,192.168.1.7,malicious-site.biz,SERVFAIL
18-12-2024 02:45,192.168.1.90,example.com,SERVFAIL
18-12-2024 02:46,192.168.1.44,malicious-site.biz,SERVFAIL
18-12-2024 02:46,192.168.1.162,testsite.net,REFUSED
18-12-2024 02:50,192.168.1.69,example.com,NXDOMAIN
18-12-2024 02:51,192.168.1.115,phishing-page.xyz,SERVFAIL
18-12-2024 02:58,192.168.1.174,legit-shop.co,NOERROR
18-12-2024 03:00,192.168.1.27,legit-shop.co,REFUSED
18-12-2024 03:00,192.168.1.78,testsite.net,SERVFAIL
18-12-2024 03:02,192.168.1.69,random.org,NXDOMAIN
18-12-2024 03:02,192.168.1.48,phishing-page.xyz,NXDOMAIN
18-12-2024 03:02,192.168.1.128,example.com,NXDOMAIN
18-12-2024 03:03,192.168.1.200,example.com,SERVFAIL
18-12-2024 03:03,192.168.1.150,random.org,REFUSED
18-12-2024 03:04,192.168.1.214,legit-shop.co,NOERROR
18-12-2024 03:04,192.168.1.7,malicious-site.biz,NXDOMAIN
18-12-2024 03:08,192.168.1.85,testsite.net,SERVFAIL
18-12-2024 03:09,192.168.1.232,malicious-site.biz,NXDOMAIN
18-12-2024 03:10,192.168.1.17,phishing-page.xyz,REFUSED
18-12-2024 03:10,192.168.1.155,testsite.net,REFUSED
18-12-2024 03:11,192.168.1.109,legit-shop.co,NXDOMAIN
18-12-2024 03:12,192.168.1.151,random.org,NXDOMAIN
18-12-2024 03:13,192.168.1.80,malicious-site.biz,NXDOMAIN
18-12-2024 03:16,192.168.1.61,testsite.net,REFUSED
18-12-2024 03:18,192.168.1.163,random.org,REFUSED
18-12-2024 03:20,192.168.1.122,example.com,REFUSED
18-12-2024 03:22,192.168.1.134,malicious-site.biz,SERVFAIL
18-12-2024 03:23,192.168.1.95,phishing-page.xyz,NOERROR
18-12-2024 03:23,192.168.1.167,random.org,NOERROR
18-12-2024 03:25,192.168.1.145,example.com,NXDOMAIN
18-12-2024 03:27,192.168.1.169,phishing-page.xyz,REFUSED
18-12-2024 03:31,192.168.1.55,example.com,SERVFAIL
18-12-2024 03:33,192.168.1.225,malicious-site.biz,REFUSED
18-12-2024 03:34,192.168.1.129,phishing-page.xyz,NOERROR
18-12-2024 03:34,192.168.1.93,testsite.net,NOERROR
18-12-2024 03:34,192.168.1.53,malicious-site.biz,REFUSED
18-12-2024 03:38,192.168.1.105,legit-shop.co,REFUSED
18-12-2024 03:38,192.168.1.154,legit-shop.co,NOERROR
18-12-2024 03:40,192.168.1.140,random.org,REFUSED
18-12-2024 03:42,192.168.1.116,random.org,NXDOMAIN
18-12-2024 03:42,192.168.1.79,phishing-page.xyz,SERVFAIL
18-12-2024 03:44,192.168.1.111,malicious-site.biz,REFUSED
18-12-2024 03:44,192.168.1.59,example.com,NXDOMAIN
18-12-2024 03:45,192.168.1.151,random.org,SERVFAIL
18-12-2024 03:46,192.168.1.26,malicious-site.biz,NXDOMAIN
18-12-2024 03:52,192.168.1.29,random.org,NOERROR
18-12-2024 03:53,192.168.1.82,example.com,SERVFAIL
18-12-2024 03:53,192.168.1.228,random.org,NOERROR
18-12-2024 03:53,192.168.1.6,legit-shop.co,NXDOMAIN
18-12-2024 03:54,192.168.1.111,testsite.net,NXDOMAIN
18-12-2024 03:55,192.168.1.221,malicious-site.biz,REFUSED
18-12-2024 03:57,192.168.1.145,legit-shop.co,REFUSED
18-12-2024 04:01,192.168.1.80,testsite.net,NOERROR
18-12-2024 04:02,192.168.1.72,testsite.net,NXDOMAIN
18-12-2024 04:02,192.168.1.206,testsite.net,NOERROR
18-12-2024 04:02,192.168.1.34,example.com,REFUSED
18-12-2024 04:03,192.168.1.3,malicious-site.biz,REFUSED
18-12-2024 04:05,192.168.1.39,legit-shop.co,SERVFAIL
18-12-2024 04:05,192.168.1.56,random.org,REFUSED
18-12-2024 04:05,192.168.1.154,testsite.net,NXDOMAIN
18-12-2024 04:07,192.168.1.107,example.com,NOERROR
18-12-2024 04:07,192.168.1.90,legit-shop.co,NOERROR
18-12-2024 04:08,192.168.1.175,legit-shop.co,NXDOMAIN
18-12-2024 04:09,192.168.1.74,random.org,SERVFAIL
18-12-2024 04:16,192.168.1.9,malicious-site.biz,SERVFAIL
18-12-2024 04:18,192.168.1.123,malicious-site.biz,SERVFAIL
18-12-2024 04:18,192.168.1.244,malicious-site.biz,SERVFAIL
18-12-2024 04:19,192.168.1.228,testsite.net,SERVFAIL
18-12-2024 04:21,192.168.1.56,legit-shop.co,NXDOMAIN
18-12-2024 04:24,192.168.1.6,malicious-site.biz,NXDOMAIN
18-12-2024 04:26,192.168.1.80,testsite.net,NXDOMAIN
18-12-2024 04:26,192.168.1.224,malicious-site.biz,NOERROR
18-12-2024 04:28,192.168.1.145,legit-shop.co,SERVFAIL
18-12-2024 04:29,192.168.1.206,phishing-page.xyz,NOERROR
18-12-2024 04:30,192.168.1.185,phishing-page.xyz,SERVFAIL
18-12-2024 04:31,192.168.1.55,phishing-page.xyz,NXDOMAIN
18-12-2024 04:31,192.168.1.86,legit-shop.co,REFUSED
18-12-2024 04:33,192.168.1.133,example.com,NXDOMAIN
18-12-2024 04:33,192.168.1.202,malicious-site.biz,SERVFAIL
18-12-2024 04:35,192.168.1.19,example.com,REFUSED
18-12-2024 04:35,192.168.1.207,testsite.net,REFUSED
18-12-2024 04:36,192.168.1.76,testsite.net,SERVFAIL
18-12-2024 04:39,192.168.1.167,malicious-site.biz,SERVFAIL
18-12-2024 04:40,192.168.1.229,malicious-site.biz,REFUSED
18-12-2024 04:42,192.168.1.209,malicious-site.biz,NXDOMAIN
18-12-2024 04:43,192.168.1.104,random.org,SERVFAIL
18-12-2024 04:44,192.168.1.222,malicious-site.biz,SERVFAIL
18-12-2024 04:45,192.168.1.65,phishing-page.xyz,NXDOMAIN
18-12-2024 04:46,192.168.1.239,malicious-site.biz,SERVFAIL
18-12-2024 04:47,192.168.1.39,example.com,REFUSED
18-12-2024 04:47,192.168.1.162,testsite.net,NXDOMAIN
18-12-2024 04:48,192.168.1.201,malicious-site.biz,NOERROR
18-12-2024 04:49,192.168.1.30,malicious-site.biz,SERVFAIL
18-12-2024 04:50,192.168.1.37,example.com,NOERROR
18-12-2024 04:50,192.168.1.47,testsite.net,NXDOMAIN
18-12-2024 04:53,192.168.1.205,phishing-page.xyz,REFUSED
18-12-2024 04:55,192.168.1.204,legit-shop.co,REFUSED
18-12-2024 05:01,192.168.1.13,random.org,NXDOMAIN
18-12-2024 05:02,192.168.1.139,phishing-page.xyz,NOERROR
18-12-2024 05:02,192.168.1.34,example.com,NOERROR
18-12-2024 05:04,192.168.1.35,example.com,REFUSED
18-12-2024 05:05,192.168.1.119,random.org,REFUSED
18-12-2024 05:07,192.168.1.134,malicious-site.biz,REFUSED
18-12-2024 05:07,192.168.1.106,example.com,NXDOMAIN
18-12-2024 05:10,192.168.1.77,random.org,REFUSED
18-12-2024 05:11,192.168.1.221,testsite.net,REFUSED
18-12-2024 05:11,192.168.1.51,random.org,NOERROR
18-12-2024 05:12,192.168.1.37,random.org,SERVFAIL
18-12-2024 05:12,192.168.1.163,malicious-site.biz,REFUSED
18-12-2024 05:13,192.168.1.197,malicious-site.biz,REFUSED
18-12-2024 05:16,192.168.1.65,example.com,NOERROR
18-12-2024 05:18,192.168.1.151,random.org,NXDOMAIN
18-12-2024 05:18,192.168.1.105,example.com,REFUSED
18-12-2024 05:19,192.168.1.66,phishing-page.xyz,REFUSED
18-12-2024 05:22,192.168.1.16,phishing-page.xyz,REFUSED
18-12-2024 05:27,192.168.1.43,random.org,NOERROR
18-12-2024 05:27,192.168.1.9,testsite.net,NOERROR
18-12-2024 05:28,192.168.1.183,example.com,SERVFAIL
18-12-2024 05:30,192.168.1.134,legit-shop.co,SERVFAIL
18-12-2024 05:30,192.168.1.68,malicious-site.biz,NXDOMAIN
18-12-2024 05:30,192.168.1.85,phishing-page.xyz,SERVFAIL
18-12-2024 05:34,192.168.1.178,example.com,SERVFAIL
18-12-2024 05:35,192.168.1.70,testsite.net,REFUSED
18-12-2024 05:38,192.168.1.100,legit-shop.co,REFUSED
18-12-2024 05:39,192.168.1.80,phishing-page.xyz,REFUSED
18-12-2024 05:39,192.168.1.146,example.com,REFUSED
18-12-2024 05:39,192.168.1.252,example.com,NXDOMAIN
18-12-2024 05:40,192.168.1.39,phishing-page.xyz,SERVFAIL
18-12-2024 05:41,192.168.1.128,example.com,SERVFAIL
18-12-2024 05:43,192.168.1.25,malicious-site.biz,REFUSED
18-12-2024 05:44,192.168.1.149,example.com,REFUSED
18-12-2024 05:44,192.168.1.22,legit-shop.co,REFUSED
18-12-2024 05:44,192.168.1.174,malicious-site.biz,NXDOMAIN
18-12-2024 05:45,192.168.1.66,phishing-page.xyz,NOERROR
18-12-2024 05:46,192.168.1.99,phishing-page.xyz,REFUSED
18-12-2024 05:46,192.168.1.254,phishing-page.xyz,SERVFAIL
18-12-2024 05:47,192.168.1.24,phishing-page.xyz,NOERROR
18-12-2024 05:49,192.168.1.130,phishing-page.xyz,SERVFAIL
18-12-2024 05:49,192.168.1.101,testsite.net,REFUSED
18-12-2024 05:50,192.168.1.101,legit-shop.co,REFUSED
18-12-2024 05:52,192.168.1.34,malicious-site.biz,SERVFAIL
18-12-2024 05:53,192.168.1.235,random.org,NXDOMAIN
18-12-2024 05:53,192.168.1.149,phishing-page.xyz,NXDOMAIN
18-12-2024 05:54,192.168.1.86,testsite.net,NXDOMAIN
18-12-2024 05:55,192.168.1.133,example.com,SERVFAIL
18-12-2024 06:02,192.168.1.128,legit-shop.co,REFUSED
18-12-2024 06:04,192.168.1.41,legit-shop.co,NOERROR
18-12-2024 06:04,192.168.1.96,legit-shop.co,NOERROR
18-12-2024 06:05,192.168.1.88,testsite.net,SERVFAIL
18-12-2024 06:07,192.168.1.236,phishing-page.xyz,NOERROR
18-12-2024 06:07,192.168.1.102,example.com,NOERROR
18-12-2024 06:07,192.168.1.135,random.org,SERVFAIL
18-12-2024 06:11,192.168.1.116,malicious-site.biz,NOERROR
18-12-2024 06:12,192.168.1.125,phishing-page.xyz,NOERROR
18-12-2024 06:13,192.168.1.151,random.org,REFUSED
18-12-2024 06:15,192.168.1.146,legit-shop.co,SERVFAIL
18-12-2024 06:17,192.168.1.9,malicious-site.biz,NXDOMAIN
18-12-2024 06:18,192.168.1.24,testsite.net,NXDOMAIN
18-12-2024 06:19,192.168.1.233,example.com,REFUSED
18-12-2024 06:20,192.168.1.220,random.org,NOERROR
18-12-2024 06:20,192.168.1.185,testsite.net,SERVFAIL
18-12-2024 06:22,192.168.1.21,legit-shop.co,SERVFAIL
18-12-2024 06:22,192.168.1.195,random.org,REFUSED
18-12-2024 06:23,192.168.1.209,legit-shop.co,NOERROR
18-12-2024 06:25,192.168.1.252,phishing-page.xyz,NXDOMAIN
18-12-2024 06:25,192.168.1.24,legit-shop.co,NOERROR
18-12-2024 06:25,192.168.1.15,random.org,NOERROR
18-12-2024 06:32,192.168.1.162,example.com,NOERROR
18-12-2024 06:35,192.168.1.72,malicious-site.biz,NXDOMAIN
18-12-2024 06:36,192.168.1.184,malicious-site.biz,NXDOMAIN
18-12-2024 06:37,192.168.1.82,legit-shop.co,NXDOMAIN
18-12-2024 06:37,192.168.1.56,legit-shop.co,REFUSED
18-12-2024 06:41,192.168.1.199,example.com,NOERROR
18-12-2024 06:42,192.168.1.145,phishing-page.xyz,NXDOMAIN
18-12-2024 06:42,192.168.1.124,testsite.net,SERVFAIL
18-12-2024 06:47,192.168.1.136,phishing-page.xyz,NOERROR
18-12-2024 06:48,192.168.1.75,phishing-page.xyz,NOERROR
18-12-2024 06:49,192.168.1.157,phishing-page.xyz,REFUSED
18-12-2024 06:51,192.168.1.254,testsite.net,SERVFAIL
18-12-2024 06:55,192.168.1.153,random.org,SERVFAIL
18-12-2024 06:55,192.168.1.62,example.com,REFUSED
18-12-2024 06:55,192.168.1.55,legit-shop.co,NOERROR
18-12-2024 06:58,192.168.1.174,random.org,REFUSED
18-12-2024 06:59,192.168.1.55,legit-shop.co,NOERROR
18-12-2024 06:59,192.168.1.203,testsite.net,SERVFAIL
18-12-2024 07:00,192.168.1.84,testsite.net,REFUSED
18-12-2024 07:00,192.168.1.243,phishing-page.xyz,NXDOMAIN
18-12-2024 07:00,192.168.1.234,legit-shop.co,NXDOMAIN
18-12-2024 07:05,192.168.1.36,testsite.net,NXDOMAIN
18-12-2024 07:11,192.168.1.253,phishing-page.xyz,NXDOMAIN
18-12-2024 07:13,192.168.1.27,legit-shop.co,REFUSED
18-12-2024 07:13,192.168.1.176,legit-shop.co,NXDOMAIN
18-12-2024 07:14,192.168.1.140,malicious-site.biz,REFUSED
18-12-2024 07:18,192.168.1.3,legit-shop.co,SERVFAIL
18-12-2024 07:20,192.168.1.21,example.com,SERVFAIL
18-12-2024 07:20,192.168.1.226,example.com,NOERROR
18-12-2024 07:21,192.168.1.72,malicious-site.biz,NOERROR
18-12-2024 07:23,192.168.1.243,testsite.net,NOERROR
18-12-2024 07:23,192.168.1.163,legit-shop.co,NXDOMAIN
18-12-2024 07:24,192.168.1.66,malicious-site.biz,NOERROR
18-12-2024 07:24,192.168.1.244,malicious-site.biz,REFUSED
18-12-2024 07:26,192.168.1.74,phishing-page.xyz,REFUSED
18-12-2024 07:26,192.168.1.213,phishing-page.xyz,REFUSED
18-12-2024 07:26,192.168.1.203,testsite.net,SERVFAIL
18-12-2024 07:30,192.168.1.199,phishing-page.xyz,NOERROR
18-12-2024 07:30,192.168.1.229,phishing-page.xyz,SERVFAIL
18-12-2024 07:32,192.168.1.9,phishing-page.xyz,REFUSED
18-12-2024 07:34,192.168.1.103,testsite.net,SERVFAIL
18-12-2024 07:36,192.168.1.43,testsite.net,NXDOMAIN
18-12-2024 07:39,192.168.1.245,testsite.net,REFUSED
18-12-2024 07:41,192.168.1.68,legit-shop.co,NOERROR
18-12-2024 07:41,192.168.1.203,testsite.net,SERVFAIL
18-12-2024 07:42,192.168.1.159,random.org,NOERROR
18-12-2024 07:52,192.168.1.116,legit-shop.co,SERVFAIL
18-12-2024 07:53,192.168.1.230,example.com,NOERROR
18-12-2024 07:53,192.168.1.40,phishing-page.xyz,NXDOMAIN
18-12-2024 07:54,192.168.1.229,phishing-page.xyz,SERVFAIL
18-12-2024 07:55,192.168.1.105,malicious-site.biz,NOERROR
18-12-2024 07:55,192.168.1.74,example.com,REFUSED
18-12-2024 07:55,192.168.1.168,random.org,SERVFAIL
18-12-2024 07:59,192.168.1.204,malicious-site.biz,NXDOMAIN
18-12-2024 08:00,192.168.1.184,phishing-page.xyz,REFUSED
18-12-2024 08:01,192.168.1.166,random.org,NOERROR
18-12-2024 08:01,192.168.1.121,legit-shop.co,NOERROR
18-12-2024 08:02,192.168.1.181,random.org,SERVFAIL
18-12-2024 08:03,192.168.1.125,testsite.net,NOERROR
18-12-2024 08:04,192.168.1.250,example.com,NXDOMAIN
18-12-2024 08:05,192.168.1.199,testsite.net,SERVFAIL
18-12-2024 08:05,192.168.1.55,phishing-page.xyz,NXDOMAIN
18-12-2024 08:06,192.168.1.105,legit-shop.co,NOERROR
18-12-2024 08:06,192.168.1.223,malicious-site.biz,REFUSED
18-12-2024 08:09,192.168.1.173,random.org,NXDOMAIN
18-12-2024 08:13,192.168.1.127,example.com,REFUSED
18-12-2024 08:13,192.168.1.95,example.com,NXDOMAIN
18-12-2024 08:14,192.168.1.237,example.com,REFUSED
18-12-2024 08:17,192.168.1.85,malicious-site.biz,NOERROR
18-12-2024 08:17,192.168.1.120,example.com,REFUSED
18-12-2024 08:18,192.168.1.65,testsite.net,NOERROR
18-12-2024 08:19,192.168.1.62,malicious-site.biz,REFUSED
18-12-2024 08:20,192.168.1.71,phishing-page.xyz,NOERROR
18-12-2024 08:20,192.168.1.120,phishing-page.xyz,NXDOMAIN
18-12-2024 08:25,192.168.1.28,legit-shop.co,REFUSED
18-12-2024 08:26,192.168.1.193,phishing-page.xyz,SERVFAIL
18-12-2024 08:27,192.168.1.158,legit-shop.co,NOERROR
18-12-2024 08:29,192.168.1.105,malicious-site.biz,NXDOMAIN
18-12-2024 08:30,192.168.1.131,random.org,NXDOMAIN
18-12-2024 08:31,192.168.1.35,legit-shop.co,REFUSED
18-12-2024 08:32,192.168.1.12,example.com,REFUSED
18-12-2024 08:33,192.168.1.26,testsite.net,NOERROR
18-12-2024 08:34,192.168.1.53,legit-shop.co,REFUSED
18-12-2024 08:37,192.168.1.6,phishing-page.xyz,NOERROR
18-12-2024 08:38,192.168.1.110,testsite.net,SERVFAIL
18-12-2024 08:40,192.168.1.162,testsite.net,NXDOMAIN
18-12-2024 08:42,192.168.1.35,malicious-site.biz,SERVFAIL
18-12-2024 08:42,192.168.1.179,malicious-site.biz,NXDOMAIN
18-12-2024 08:49,192.168.1.210,legit-shop.co,NOERROR
18-12-2024 08:50,192.168.1.126,random.org,SERVFAIL
18-12-2024 08:56,192.168.1.120,malicious-site.biz,REFUSED
18-12-2024 08:56,192.168.1.206,testsite.net,NXDOMAIN
18-12-2024 08:58,192.168.1.15,random.org,NXDOMAIN
18-12-2024 08:58,192.168.1.210,random.org,NOERROR
18-12-2024 08:59,192.168.1.150,example.com,NOERROR
18-12-2024 09:00,192.168.1.29,malicious-site.biz,REFUSED
18-12-2024 09:00,192.168.1.168,example.com,NOERROR
18-12-2024 09:02,192.168.1.164,phishing-page.xyz,NXDOMAIN
18-12-2024 09:03,192.168.1.62,phishing-page.xyz,SERVFAIL
18-12-2024 09:04,192.168.1.74,malicious-site.biz,NOERROR
18-12-2024 09:04,192.168.1.241,example.com,NXDOMAIN
18-12-2024 09:06,192.168.1.241,testsite.net,NXDOMAIN
18-12-2024 09:08,192.168.1.15,random.org,SERVFAIL
18-12-2024 09:12,192.168.1.221,legit-shop.co,NXDOMAIN
18-12-2024 09:15,192.168.1.104,malicious-site.biz,NXDOMAIN
18-12-2024 09:16,192.168.1.33,legit-shop.co,NOERROR
18-12-2024 09:17,192.168.1.135,malicious-site.biz,SERVFAIL
18-12-2024 09:20,192.168.1.20,example.com,NXDOMAIN
18-12-2024 09:20,192.168.1.80,testsite.net,NXDOMAIN
18-12-2024 09:22,192.168.1.144,random.org,NOERROR
18-12-2024 09:22,192.168.1.178,phishing-page.xyz,NXDOMAIN
18-12-2024 09:29,192.168.1.124,phishing-page.xyz,SERVFAIL
18-12-2024 09:31,192.168.1.94,phishing-page.xyz,NOERROR
18-12-2024 09:31,192.168.1.85,malicious-site.biz,SERVFAIL
18-12-2024 09:32,192.168.1.134,malicious-site.biz,NOERROR
18-12-2024 09:32,192.168.1.236,testsite.net,SERVFAIL
18-12-2024 09:32,192.168.1.136,phishing-page.xyz,SERVFAIL
18-12-2024 09:35,192.168.1.197,random.org,REFUSED
18-12-2024 09:37,192.168.1.16,random.org,NXDOMAIN
18-12-2024 09:37,192.168.1.220,malicious-site.biz,REFUSED
18-12-2024 09:38,192.168.1.129,testsite.net,REFUSED
18-12-2024 09:43,192.168.1.68,phishing-page.xyz,NOERROR
18-12-2024 09:44,192.168.1.34,testsite.net,REFUSED
18-12-2024 09:45,192.168.1.190,testsite.net,NXDOMAIN
18-12-2024 09:47,192.168.1.91,legit-shop.co,SERVFAIL
18-12-2024 09:48,192.168.1.85,example.com,SERVFAIL
18-12-2024 09:49,192.168.1.52,testsite.net,NXDOMAIN
18-12-2024 09:49,192.168.1.166,testsite.net,NXDOMAIN
18-12-2024 09:53,192.168.1.36,phishing-page.xyz,REFUSED
18-12-2024 09:55,192.168.1.207,phishing-page.xyz,SERVFAIL
18-12-2024 09:56,192.168.1.228,random.org,NOERROR
18-12-2024 09:56,192.168.1.78,legit-shop.co,SERVFAIL
18-12-2024 09:56,192.168.1.144,example.com,NOERROR
18-12-2024 09:58,192.168.1.184,legit-shop.co,REFUSED
18-12-2024 09:59,192.168.1.105,legit-shop.co,SERVFAIL
18-12-2024 09:59,192.168.1.122,testsite.net,NOERROR
18-12-2024 09:59,192.168.1.29,random.org,SERVFAIL
18-12-2024 10:00,192.168.1.59,phishing-page.xyz,SERVFAIL
18-12-2024 10:00,192.168.1.31,phishing-page.xyz,NOERROR
18-12-2024 10:00,192.168.1.224,phishing-page.xyz,NXDOMAIN
18-12-2024 10:01,192.168.1.133,malicious-site.biz,NXDOMAIN
18-12-2024 10:03,192.168.1.63,malicious-site.biz,NOERROR
18-12-2024 10:04,192.168.1.81,legit-shop.co,NOERROR
18-12-2024 10:05,192.168.1.65,legit-shop.co,SERVFAIL
18-12-2024 10:08,192.168.1.250,example.com,REFUSED
18-12-2024 10:09,192.168.1.66,example.com,SERVFAIL
18-12-2024 10:12,192.168.1.135,phishing-page.xyz,NXDOMAIN
18-12-2024 10:12,192.168.1.249,malicious-site.biz,SERVFAIL
18-12-2024 10:12,192.168.1.48,legit-shop.co,SERVFAIL
18-12-2024 10:16,192.168.1.176,example.com,REFUSED
18-12-2024 10:16,192.168.1.22,phishing-page.xyz,NXDOMAIN
18-12-2024 10:16,192.168.1.164,malicious-site.biz,SERVFAIL
18-12-2024 10:17,192.168.1.61,example.com,NOERROR
18-12-2024 10:18,192.168.1.34,phishing-page.xyz,NOERROR
18-12-2024 10:19,192.168.1.49,phishing-page.xyz,NOERROR
18-12-2024 10:20,192.168.1.152,malicious-site.biz,NXDOMAIN
18-12-2024 10:21,192.168.1.211,malicious-site.biz,REFUSED
18-12-2024 10:21,192.168.1.193,testsite.net,NOERROR
18-12-2024 10:22,192.168.1.54,phishing-page.xyz,NXDOMAIN
18-12-2024 10:24,192.168.1.94,random.org,REFUSED
18-12-2024 10:24,192.168.1.27,random.org,REFUSED
18-12-2024 10:26,192.168.1.47,example.com,REFUSED
18-12-2024 10:27,192.168.1.39,phishing-page.xyz,SERVFAIL
18-12-2024 10:28,192.168.1.82,phishing-page.xyz,NXDOMAIN
18-12-2024 10:28,192.168.1.21,testsite.net,SERVFAIL
18-12-2024 10:28,192.168.1.123,malicious-site.biz,NOERROR
18-12-2024 10:28,192.168.1.229,example.com,REFUSED
18-12-2024 10:29,192.168.1.252,phishing-page.xyz,REFUSED
18-12-2024 10:30,192.168.1.132,phishing-page.xyz,NXDOMAIN
18-12-2024 10:35,192.168.1.124,example.com,SERVFAIL
18-12-2024 10:36,192.168.1.52,testsite.net,NOERROR
18-12-2024 10:36,192.168.1.63,malicious-site.biz,REFUSED
18-12-2024 10:39,192.168.1.101,testsite.net,REFUSED
18-12-2024 10:42,192.168.1.91,malicious-site.biz,NOERROR
18-12-2024 10:43,192.168.1.74,malicious-site.biz,SERVFAIL
18-12-2024 10:44,192.168.1.211,malicious-site.biz,REFUSED
18-12-2024 10:45,192.168.1.118,example.com,NOERROR
18-12-2024 10:46,192.168.1.25,phishing-page.xyz,NXDOMAIN
18-12-2024 10:49,192.168.1.243,example.com,REFUSED
18-12-2024 10:50,192.168.1.91,malicious-site.biz,NXDOMAIN
18-12-2024 10:50,192.168.1.69,phishing-page.xyz,REFUSED
18-12-2024 10:51,192.168.1.157,example.com,SERVFAIL
18-12-2024 10:52,192.168.1.222,legit-shop.co,NOERROR
18-12-2024 10:54,192.168.1.161,legit-shop.co,NOERROR
18-12-2024 10:54,192.168.1.155,example.com,NXDOMAIN
18-12-2024 10:54,192.168.1.243,testsite.net,NXDOMAIN
18-12-2024 10:57,192.168.1.175,phishing-page.xyz,NOERROR
18-12-2024 10:58,192.168.1.187,random.org,REFUSED
18-12-2024 10:58,192.168.1.133,phishing-page.xyz,NOERROR
18-12-2024 10:59,192.168.1.50,phishing-page.xyz,REFUSED
18-12-2024 11:05,192.168.1.163,testsite.net,REFUSED
18-12-2024 11:05,192.168.1.249,random.org,NXDOMAIN
18-12-2024 11:06,192.168.1.220,malicious-site.biz,NOERROR
18-12-2024 11:09,192.168.1.62,testsite.net,REFUSED
18-12-2024 11:10,192.168.1.248,legit-shop.co,NXDOMAIN
18-12-2024 11:11,192.168.1.192,random.org,NXDOMAIN
18-12-2024 11:12,192.168.1.245,random.org,NOERROR
18-12-2024 11:13,192.168.1.128,random.org,NOERROR
18-12-2024 11:13,192.168.1.178,legit-shop.co,REFUSED
18-12-2024 11:15,192.168.1.24,phishing-page.xyz,NXDOMAIN
18-12-2024 11:15,192.168.1.25,phishing-page.xyz,NXDOMAIN
18-12-2024 11:16,192.168.1.20,phishing-page.xyz,NXDOMAIN
18-12-2024 11:16,192.168.1.138,example.com,REFUSED
18-12-2024 11:16,192.168.1.191,testsite.net,NXDOMAIN
18-12-2024 11:19,192.168.1.200,example.com,REFUSED
18-12-2024 11:21,192.168.1.151,phishing-page.xyz,SERVFAIL
18-12-2024 11:23,192.168.1.160,testsite.net,NOERROR
18-12-2024 11:24,192.168.1.140,testsite.net,NOERROR
18-12-2024 11:25,192.168.1.159,legit-shop.co,NOERROR
18-12-2024 11:28,192.168.1.22,example.com,NXDOMAIN
18-12-2024 11:29,192.168.1.176,example.com,NOERROR
18-12-2024 11:29,192.168.1.92,malicious-site.biz,REFUSED
18-12-2024 11:30,192.168.1.17,phishing-page.xyz,NOERROR
18-12-2024 11:31,192.168.1.237,legit-shop.co,NXDOMAIN
18-12-2024 11:32,192.168.1.158,malicious-site.biz,SERVFAIL
18-12-2024 11:33,192.168.1.177,malicious-site.biz,NOERROR
18-12-2024 11:39,192.168.1.89,legit-shop.co,NOERROR
18-12-2024 11:42,192.168.1.171,random.org,REFUSED
18-12-2024 11:42,192.168.1.248,example.com,NOERROR
18-12-2024 11:43,192.168.1.94,phishing-page.xyz,REFUSED
18-12-2024 11:46,192.168.1.253,example.com,NXDOMAIN
18-12-2024 11:47,192.168.1.83,testsite.net,SERVFAIL
18-12-2024 11:47,192.168.1.2,malicious-site.biz,REFUSED
18-12-2024 11:50,192.168.1.206,malicious-site.biz,SERVFAIL
18-12-2024 11:51,192.168.1.76,example.com,SERVFAIL
18-12-2024 11:52,192.168.1.139,malicious-site.biz,REFUSED
18-12-2024 11:52,192.168.1.240,phishing-page.xyz,REFUSED
18-12-2024 11:54,192.168.1.101,testsite.net,REFUSED
18-12-2024 11:54,192.168.1.190,phishing-page.xyz,REFUSED
18-12-2024 11:55,192.168.1.118,testsite.net,NOERROR
18-12-2024 11:56,192.168.1.98,random.org,NOERROR
18-12-2024 11:58,192.168.1.162,malicious-site.biz,SERVFAIL
18-12-2024 12:02,192.168.1.174,random.org,NOERROR
18-12-2024 12:02,192.168.1.92,random.org,SERVFAIL
18-12-2024 12:04,192.168.1.53,random.org,NXDOMAIN
18-12-2024 12:05,192.168.1.48,example.com,NOERROR
18-12-2024 12:05,192.168.1.112,phishing-page.xyz,REFUSED
18-12-2024 12:07,192.168.1.21,legit-shop.co,NXDOMAIN
18-12-2024 12:08,192.168.1.127,legit-shop.co,SERVFAIL
18-12-2024 12:10,192.168.1.218,random.org,SERVFAIL
18-12-2024 12:14,192.168.1.123,example.com,SERVFAIL
18-12-2024 12:20,192.168.1.156,malicious-site.biz,REFUSED
18-12-2024 12:20,192.168.1.253,random.org,SERVFAIL
18-12-2024 12:21,192.168.1.215,random.org,NOERROR
18-12-2024 12:24,192.168.1.221,legit-shop.co,REFUSED
18-12-2024 12:25,192.168.1.84,testsite.net,NXDOMAIN
18-12-2024 12:27,192.168.1.189,legit-shop.co,SERVFAIL
18-12-2024 12:29,192.168.1.164,phishing-page.xyz,SERVFAIL
18-12-2024 12:33,192.168.1.228,example.com,NXDOMAIN
18-12-2024 12:33,192.168.1.177,legit-shop.co,NOERROR
18-12-2024 12:36,192.168.1.74,malicious-site.biz,NOERROR
18-12-2024 12:36,192.168.1.249,phishing-page.xyz,NXDOMAIN
18-12-2024 12:37,192.168.1.51,legit-shop.co,NOERROR
18-12-2024 12:39,192.168.1.154,malicious-site.biz,NOERROR
18-12-2024 12:39,192.168.1.59,phishing-page.xyz,NXDOMAIN
18-12-2024 12:40,192.168.1.228,random.org,SERVFAIL
18-12-2024 12:40,192.168.1.93,testsite.net,SERVFAIL
18-12-2024 12:44,192.168.1.125,example.com,SERVFAIL
18-12-2024 12:44,192.168.1.80,example.com,NOERROR
18-12-2024 12:47,192.168.1.86,legit-shop.co,REFUSED
18-12-2024 12:50,192.168.1.249,random.org,NXDOMAIN
18-12-2024 12:51,192.168.1.193,legit-shop.co,NOERROR
18-12-2024 12:51,192.168.1.117,random.org,REFUSED
18-12-2024 12:53,192.168.1.123,example.com,NOERROR
18-12-2024 12:55,192.168.1.50,malicious-site.biz,SERVFAIL
18-12-2024 12:57,192.168.1.247,legit-shop.co,REFUSED
18-12-2024 12:58,192.168.1.234,random.org,SERVFAIL
18-12-2024 12:59,192.168.1.2,legit-shop.co,NOERROR
18-12-2024 12:59,192.168.1.241,example.com,NOERROR
18-12-2024 13:02,192.168.1.2,legit-shop.co,SERVFAIL
18-12-2024 13:03,192.168.1.211,legit-shop.co,SERVFAIL
18-12-2024 13:04,192.168.1.177,random.org,SERVFAIL
18-12-2024 13:04,192.168.1.39,random.org,NOERROR
18-12-2024 13:04,192.168.1.212,phishing-page.xyz,NOERROR
18-12-2024 13:10,192.168.1.143,malicious-site.biz,REFUSED
18-12-2024 13:11,192.168.1.60,phishing-page.xyz,REFUSED
18-12-2024 13:13,192.168.1.5,legit-shop.co,REFUSED
18-12-2024 13:13,192.168.1.33,phishing-page.xyz,NXDOMAIN
18-12-2024 13:14,192.168.1.252,malicious-site.biz,NXDOMAIN
18-12-2024 13:16,192.168.1.23,testsite.net,SERVFAIL
18-12-2024 13:16,192.168.1.177,testsite.net,NOERROR
18-12-2024 13:16,192.168.1.21,legit-shop.co,NOERROR
18-12-2024 13:18,192.168.1.241,phishing-page.xyz,NXDOMAIN
18-12-2024 13:18,192.168.1.82,testsite.net,NXDOMAIN
18-12-2024 13:19,192.168.1.198,example.com,SERVFAIL
18-12-2024 13:19,192.168.1.4,legit-shop.co,SERVFAIL
18-12-2024 13:21,192.168.1.241,testsite.net,NXDOMAIN
18-12-2024 13:23,192.168.1.67,example.com,REFUSED
18-12-2024 13:24,192.168.1.237,malicious-site.biz,NXDOMAIN
18-12-2024 13:25,192.168.1.164,testsite.net,SERVFAIL
18-12-2024 13:27,192.168.1.36,legit-shop.co,NXDOMAIN
18-12-2024 13:28,192.168.1.113,example.com,REFUSED
18-12-2024 13:30,192.168.1.250,example.com,NOERROR
18-12-2024 13:31,192.168.1.138,malicious-site.biz,NOERROR
18-12-2024 13:31,192.168.1.79,phishing-page.xyz,NOERROR
18-12-2024 13:32,192.168.1.162,random.org,SERVFAIL
18-12-2024 13:33,192.168.1.161,legit-shop.co,REFUSED
18-12-2024 13:36,192.168.1.212,legit-shop.co,NOERROR
18-12-2024 13:37,192.168.1.211,phishing-page.xyz,NXDOMAIN
18-12-2024 13:37,192.168.1.167,malicious-site.biz,NOERROR
18-12-2024 13:39,192.168.1.63,example.com,NXDOMAIN
18-12-2024 13:39,192.168.1.212,testsite.net,NXDOMAIN
18-12-2024 13:40,192.168.1.187,legit-shop.co,NXDOMAIN
18-12-2024 13:41,192.168.1.74,phishing-page.xyz,NXDOMAIN
18-12-2024 13:42,192.168.1.73,legit-shop.co,REFUSED
18-12-2024 13:43,192.168.1.169,testsite.net,NXDOMAIN
18-12-2024 13:45,192.168.1.203,example.com,SERVFAIL
18-12-2024 13:46,192.168.1.21,example.com,NOERROR
18-12-2024 13:48,192.168.1.95,phishing-page.xyz,NXDOMAIN
18-12-2024 13:50,192.168.1.204,testsite.net,NXDOMAIN
18-12-2024 13:51,192.168.1.13,testsite.net,NOERROR
18-12-2024 13:52,192.168.1.202,malicious-site.biz,NOERROR
18-12-2024 13:52,192.168.1.67,legit-shop.co,SERVFAIL
18-12-2024 13:53,192.168.1.168,random.org,REFUSED
18-12-2024 13:55,192.168.1.195,phishing-page.xyz,NXDOMAIN
18-12-2024 13:57,192.168.1.43,testsite.net,SERVFAIL
18-12-2024 13:57,192.168.1.109,phishing-page.xyz,SERVFAIL
18-12-2024 13:59,192.168.1.100,example.com,REFUSED
18-12-2024 14:00,192.168.1.100,example.com,NXDOMAIN
18-12-2024 14:01,192.168.1.240,malicious-site.biz,SERVFAIL
18-12-2024 14:05,192.168.1.231,phishing-page.xyz,SERVFAIL
18-12-2024 14:05,192.168.1.122,testsite.net,SERVFAIL
18-12-2024 14:05,192.168.1.149,phishing-page.xyz,NXDOMAIN
18-12-2024 14:06,192.168.1.249,malicious-site.biz,NOERROR
18-12-2024 14:06,192.168.1.54,example.com,SERVFAIL
18-12-2024 14:10,192.168.1.73,random.org,NXDOMAIN
18-12-2024 14:11,192.168.1.88,phishing-page.xyz,REFUSED
18-12-2024 14:12,192.168.1.223,random.org,REFUSED
18-12-2024 14:12,192.168.1.243,phishing-page.xyz,NXDOMAIN
18-12-2024 14:15,192.168.1.124,phishing-page.xyz,SERVFAIL
18-12-2024 14:19,192.168.1.7,legit-shop.co,SERVFAIL
18-12-2024 14:20,192.168.1.137,example.com,SERVFAIL
18-12-2024 14:21,192.168.1.234,random.org,SERVFAIL
18-12-2024 14:22,192.168.1.31,testsite.net,SERVFAIL
18-12-2024 14:22,192.168.1.217,testsite.net,NXDOMAIN
18-12-2024 14:25,192.168.1.210,phishing-page.xyz,NOERROR
18-12-2024 14:31,192.168.1.90,phishing-page.xyz,NOERROR
18-12-2024 14:31,192.168.1.72,legit-shop.co,NXDOMAIN
18-12-2024 14:33,192.168.1.229,malicious-site.biz,SERVFAIL
18-12-2024 14:33,192.168.1.49,example.com,NXDOMAIN
18-12-2024 14:37,192.168.1.101,example.com,REFUSED
18-12-2024 14:37,192.168.1.7,example.com,SERVFAIL
18-12-2024 14:39,192.168.1.201,testsite.net,NOERROR
18-12-2024 14:41,192.168.1.27,random.org,NXDOMAIN
18-12-2024 14:45,192.168.1.144,testsite.net,NXDOMAIN
18-12-2024 14:47,192.168.1.82,testsite.net,NXDOMAIN
18-12-2024 14:48,192.168.1.42,legit-shop.co,NXDOMAIN
