Timestamp,User ID,Action,Resource,IP Address,Result,Severity
2024-12-18 08:09:29,user76,Added Record,File System,212.123.170.19,Failure,MEDIUM
2024-12-18 13:13:08,user35,File Upload,Database,147.89.73.194,Failure,CRITICAL
2024-12-17 20:53:54,user91,File Download,File System,21.199.43.194,Success,HIGH
2024-12-18 08:15:48,user76,Access Denied,Dashboard,199.231.33.219,Failure,MEDIUM
2024-12-17 18:54:27,user35,File Upload,Settings,171.100.9.137,Success,HIGH
2024-12-17 23:58:46,user61,Viewed Report,Dashboard,30.94.34.152,Success,HIGH
2024-12-17 19:17:06,user3,Viewed Report,File System,45.190.51.175,Failure,MEDIUM
2024-12-18 06:40:32,user16,Viewed Report,API Endpoint,32.206.153.89,Success,MEDIUM
2024-12-18 01:13:17,user3,Viewed Report,Database,85.239.154.95,Success,HIGH
2024-12-18 12:25:37,user76,Logout,Dashboard,114.104.5.230,Failure,INFO
2024-12-17 16:41:37,user3,Added Record,Dashboard,231.96.14.251,Failure,INFO
2024-12-18 10:01:49,user76,Password Change,Dashboard,28.196.23.104,Success,INFO
2024-12-18 12:57:27,user16,Deleted Record,Dashboard,73.123.32.245,Success,MEDIUM
2024-12-18 00:39:12,user49,Added Record,Dashboard,217.45.10.246,Failure,HIGH
2024-12-18 02:45:35,user72,Password Change,File System,15.76.8.57,Success,LOW
2024-12-18 02:25:42,user35,Edited Document,API Endpoint,208.73.40.20,Failure,CRITICAL
2024-12-18 13:22:35,user16,Password Change,API Endpoint,222.113.240.188,Success,MEDIUM
2024-12-17 15:03:15,user17,Deleted Record,File System,168.2.213.11,Failure,MEDIUM
2024-12-18 07:32:49,user17,File Upload,Settings,96.213.242.79,Success,HIGH
2024-12-17 22:39:30,user16,File Download,API Endpoint,146.149.224.254,Failure,HIGH
2024-12-18 08:09:48,user3,Password Change,Dashboard,243.106.188.217,Success,LOW
2024-12-17 19:03:45,user76,File Download,Dashboard,140.186.253.57,Success,CRITICAL
2024-12-17 18:45:07,user91,Logout,Database,214.201.7.54,Failure,HIGH
2024-12-18 00:53:55,user70,Edited Document,Dashboard,119.7.84.125,Success,CRITICAL
2024-12-17 16:11:48,user17,Password Change,Database,145.168.123.83,Success,HIGH
2024-12-17 15:37:24,user91,Login,API Endpoint,46.249.154.218,Failure,INFO
2024-12-17 19:26:45,user28,Logout,File System,140.99.52.139,Failure,LOW
2024-12-18 05:20:56,user17,File Upload,File System,33.29.221.235,Success,CRITICAL
2024-12-17 19:40:28,user3,Login,Dashboard,209.143.255.47,Failure,MEDIUM
2024-12-18 08:39:54,user16,Edited Document,Dashboard,218.45.124.227,Success,HIGH
2024-12-18 07:51:26,user22,Logout,Database,44.207.177.76,Failure,HIGH
2024-12-17 23:43:07,user35,Login,API Endpoint,166.40.73.150,Failure,MEDIUM
2024-12-17 16:23:09,user3,Password Change,API Endpoint,74.205.129.122,Success,LOW
2024-12-18 01:34:41,user16,Viewed Report,Dashboard,157.31.167.185,Success,LOW
2024-12-18 07:01:41,user89,Logout,API Endpoint,40.197.84.38,Failure,CRITICAL
2024-12-17 19:56:27,user91,File Download,Settings,25.98.221.14,Success,LOW
2024-12-17 17:40:12,user91,Deleted Record,Database,21.104.20.188,Success,MEDIUM
2024-12-18 13:24:55,user3,Deleted Record,Dashboard,77.232.249.3,Failure,MEDIUM
2024-12-17 13:59:55,user49,Access Denied,API Endpoint,161.224.172.88,Failure,INFO
2024-12-18 02:53:38,user31,Login,API Endpoint,56.77.164.19,Failure,LOW
2024-12-18 01:50:15,user22,Deleted Record,File System,65.170.78.182,Failure,MEDIUM
2024-12-18 05:28:24,user42,Added Record,Dashboard,60.73.130.15,Failure,LOW
2024-12-18 01:25:58,user43,Access Denied,Dashboard,250.36.15.21,Success,CRITICAL
2024-12-18 12:35:19,user61,Logout,API Endpoint,64.96.151.201,Success,LOW
2024-12-17 19:47:26,user72,Login,File System,221.48.111.177,Failure,MEDIUM
2024-12-18 10:04:20,user49,Edited Document,API Endpoint,144.45.97.99,Failure,MEDIUM
2024-12-18 10:09:39,user28,File Download,Settings,174.191.46.12,Success,HIGH
2024-12-17 14:23:15,user89,Added Record,File System,120.207.101.173,Failure,MEDIUM
2024-12-18 05:01:10,user43,Access Denied,Settings,33.119.171.108,Success,HIGH
2024-12-17 22:53:13,user65,File Upload,Dashboard,19.108.119.157,Failure,INFO
2024-12-17 18:18:49,user72,Edited Document,Database,149.118.202.167,Success,CRITICAL
2024-12-17 20:51:45,user72,Added Record,Dashboard,187.254.89.250,Failure,INFO
2024-12-17 19:02:13,user35,File Upload,Settings,122.106.151.231,Failure,LOW
2024-12-17 18:46:57,user35,Login,Database,217.37.209.230,Success,LOW
2024-12-18 04:17:35,user3,Password Change,Dashboard,28.218.41.130,Failure,INFO
2024-12-18 05:51:45,user3,Edited Document,Database,226.201.130.210,Failure,INFO
2024-12-18 02:15:28,user72,Access Denied,API Endpoint,101.49.181.45,Success,CRITICAL
2024-12-18 09:28:50,user22,Login,File System,133.190.159.221,Failure,INFO
2024-12-18 01:53:05,user89,Deleted Record,Dashboard,224.11.125.179,Failure,CRITICAL
2024-12-17 16:52:50,user28,Password Change,Database,48.19.55.186,Failure,MEDIUM
2024-12-18 10:00:18,user76,Login,File System,92.222.203.32,Failure,LOW
2024-12-17 15:32:47,user31,Edited Document,File System,15.161.41.162,Success,MEDIUM
2024-12-17 23:48:44,user35,Logout,API Endpoint,191.178.87.79,Failure,INFO
2024-12-18 07:43:23,user3,Access Denied,API Endpoint,192.185.196.116,Success,MEDIUM
2024-12-18 12:55:37,user3,Logout,Database,78.248.208.94,Success,HIGH
2024-12-18 00:13:52,user42,Logout,Database,125.49.82.179,Failure,LOW
2024-12-18 13:33:11,user35,Password Change,Settings,151.123.195.93,Success,LOW
2024-12-18 11:13:53,user35,Viewed Report,Settings,233.139.163.23,Success,MEDIUM
2024-12-18 13:30:15,user65,Access Denied,API Endpoint,60.154.6.32,Success,LOW
2024-12-17 17:17:53,user89,File Upload,Dashboard,119.104.194.195,Failure,MEDIUM
2024-12-17 15:28:40,user3,Password Change,API Endpoint,190.236.126.35,Success,LOW
2024-12-18 03:05:55,user61,Deleted Record,API Endpoint,134.241.139.1,Success,CRITICAL
2024-12-18 13:14:11,user89,Deleted Record,API Endpoint,160.174.209.202,Failure,MEDIUM
2024-12-17 21:01:20,user42,Viewed Report,File System,182.200.73.44,Success,MEDIUM
2024-12-18 03:27:59,user70,Deleted Record,File System,187.149.209.213,Failure,INFO
2024-12-17 23:33:17,user43,Password Change,File System,154.99.198.47,Failure,INFO
2024-12-17 21:44:20,user91,Login,File System,70.222.215.167,Failure,CRITICAL
2024-12-17 15:05:24,user3,Edited Document,Dashboard,138.250.249.168,Success,MEDIUM
2024-12-18 02:37:01,user3,Viewed Report,File System,197.89.195.78,Failure,INFO
2024-12-18 04:34:42,user3,Access Denied,Settings,101.66.89.21,Success,MEDIUM
2024-12-18 13:20:20,user49,Logout,File System,232.17.182.225,Success,HIGH
2024-12-18 10:23:07,user89,Added Record,Settings,34.50.125.137,Success,CRITICAL
2024-12-18 01:48:51,user3,Password Change,Settings,128.48.141.65,Success,LOW
2024-12-17 19:46:25,user61,Added Record,API Endpoint,200.40.63.183,Success,LOW
2024-12-18 07:10:09,user3,Deleted Record,Settings,163.139.25.144,Success,MEDIUM
2024-12-17 18:33:42,user61,Access Denied,Settings,142.25.183.255,Failure,MEDIUM
2024-12-18 06:15:23,user49,Logout,Settings,220.136.64.38,Success,INFO
2024-12-17 18:23:23,user3,File Download,File System,169.143.212.127,Failure,LOW
2024-12-18 03:25:38,user17,Login,Settings,37.216.192.251,Success,LOW
2024-12-17 15:57:11,user17,Login,File System,11.252.197.248,Success,MEDIUM
2024-12-17 15:57:11,user76,Added Record,API Endpoint,114.146.247.115,Success,LOW
2024-12-18 08:44:54,user16,Added Record,API Endpoint,86.169.239.133,Success,HIGH
2024-12-17 18:59:42,user70,Access Denied,Database,237.225.1.52,Success,MEDIUM
2024-12-18 11:07:31,user49,Viewed Report,File System,234.99.234.189,Failure,MEDIUM
2024-12-18 03:14:42,user42,Logout,File System,246.45.144.138,Success,HIGH
2024-12-18 13:12:27,user72,Deleted Record,File System,58.22.31.205,Success,INFO
2024-12-18 03:04:17,user16,File Download,File System,239.176.254.198,Failure,CRITICAL
2024-12-18 03:36:21,user43,File Download,Dashboard,253.127.254.57,Failure,INFO
2024-12-18 09:14:11,user17,Logout,Dashboard,182.52.251.47,Failure,HIGH
2024-12-18 04:43:24,user22,Login,File System,144.43.160.166,Failure,CRITICAL
2024-12-17 16:20:51,user3,Deleted Record,File System,2.220.255.88,Failure,LOW
2024-12-17 13:53:40,user17,File Upload,Database,240.141.92.230,Failure,LOW
2024-12-17 19:17:29,user3,File Download,File System,164.145.184.69,Success,CRITICAL
2024-12-17 17:22:40,user3,Viewed Report,Database,1.87.189.99,Success,CRITICAL
2024-12-18 06:48:53,user3,Deleted Record,File System,110.18.152.184,Failure,LOW
2024-12-18 11:32:03,user70,Access Denied,API Endpoint,187.96.173.14,Failure,CRITICAL
2024-12-18 11:44:18,user3,Added Record,Settings,2.166.129.209,Success,MEDIUM
2024-12-17 17:55:26,user72,Password Change,Dashboard,139.52.252.73,Success,LOW
2024-12-17 17:18:40,user42,Edited Document,Settings,28.113.68.133,Failure,MEDIUM
2024-12-17 14:02:08,user65,File Upload,Dashboard,34.53.64.95,Failure,MEDIUM
2024-12-18 06:54:19,user3,Login,Dashboard,112.35.110.210,Success,HIGH
2024-12-18 10:27:41,user17,Login,API Endpoint,165.9.129.153,Failure,INFO
2024-12-17 22:22:35,user31,Viewed Report,API Endpoint,250.105.149.218,Failure,MEDIUM
2024-12-18 02:36:50,user89,Deleted Record,API Endpoint,123.55.23.13,Success,HIGH
2024-12-18 02:43:22,user42,File Download,Settings,122.165.172.65,Success,LOW
2024-12-17 13:59:53,user91,Password Change,File System,137.233.48.160,Failure,CRITICAL
2024-12-17 17:23:54,user76,Access Denied,Database,32.45.100.122,Failure,HIGH
2024-12-17 19:46:02,user42,Logout,Settings,137.227.108.212,Success,MEDIUM
2024-12-17 15:06:22,user31,File Download,API Endpoint,67.205.82.142,Failure,HIGH
2024-12-18 05:14:28,user3,Viewed Report,Dashboard,32.248.27.59,Failure,MEDIUM
2024-12-18 11:00:51,user22,Deleted Record,Database,47.67.46.57,Failure,MEDIUM
2024-12-17 16:22:47,user70,Login,Database,76.79.22.254,Failure,HIGH
2024-12-17 23:38:04,user70,Viewed Report,Database,111.239.118.7,Failure,CRITICAL
2024-12-18 01:36:28,user43,Added Record,Settings,70.188.60.107,Failure,HIGH
2024-12-18 04:38:22,user3,Logout,Database,101.132.145.132,Failure,MEDIUM
2024-12-17 20:34:21,user42,Edited Document,Database,160.62.162.217,Failure,INFO
2024-12-17 17:12:29,user28,Added Record,API Endpoint,183.7.91.89,Failure,HIGH
2024-12-18 13:04:40,user16,Login,Settings,111.152.89.145,Failure,MEDIUM
2024-12-18 03:29:51,user22,File Download,Settings,128.139.130.70,Success,INFO
2024-12-18 02:48:18,user72,Edited Document,API Endpoint,24.204.232.133,Success,CRITICAL
2024-12-18 13:22:59,user3,Deleted Record,API Endpoint,208.180.166.100,Success,LOW
2024-12-17 22:20:36,user22,Login,Settings,243.190.221.97,Success,LOW
2024-12-17 18:28:00,user31,Password Change,Dashboard,70.193.201.113,Failure,LOW
2024-12-17 20:14:01,user28,Viewed Report,Database,125.106.152.230,Failure,LOW
2024-12-17 17:45:59,user35,Viewed Report,Dashboard,36.105.234.60,Success,MEDIUM
2024-12-18 01:56:08,user35,File Upload,Database,5.189.82.226,Failure,CRITICAL
2024-12-18 03:10:38,user3,Login,API Endpoint,7.13.231.199,Success,LOW
2024-12-17 16:22:00,user70,Viewed Report,API Endpoint,107.186.74.169,Failure,CRITICAL
2024-12-18 12:13:43,user43,File Download,File System,55.44.247.194,Failure,LOW
2024-12-17 21:34:53,user89,Added Record,File System,140.87.180.181,Success,LOW
2024-12-18 07:39:07,user3,Login,Settings,248.185.150.160,Failure,CRITICAL
2024-12-18 00:08:37,user91,File Download,File System,61.146.154.142,Success,INFO
2024-12-17 19:53:23,user42,Added Record,File System,12.118.118.59,Success,HIGH
2024-12-18 01:22:52,user70,File Upload,Database,81.177.105.50,Success,INFO
2024-12-18 01:18:00,user76,Edited Document,File System,49.180.116.246,Success,CRITICAL
2024-12-18 08:47:28,user35,File Upload,Dashboard,204.51.116.220,Failure,LOW
2024-12-18 01:21:26,user28,Logout,Settings,51.217.118.163,Failure,INFO
2024-12-17 20:50:13,user35,Password Change,File System,166.62.224.243,Success,CRITICAL
2024-12-18 06:12:49,user3,Password Change,Database,152.215.81.77,Success,MEDIUM
2024-12-18 05:36:30,user17,Added Record,Settings,230.214.150.213,Success,HIGH
2024-12-17 17:04:57,user16,Login,API Endpoint,177.41.252.25,Success,CRITICAL
2024-12-17 23:14:48,user35,Deleted Record,API Endpoint,92.132.52.223,Failure,MEDIUM
2024-12-17 21:29:47,user65,Logout,Dashboard,214.25.239.213,Success,INFO
2024-12-18 06:46:33,user3,Logout,API Endpoint,59.167.90.76,Failure,LOW
2024-12-18 05:49:01,user43,File Download,Dashboard,221.207.154.149,Success,CRITICAL
2024-12-17 16:20:48,user42,Logout,Settings,104.106.163.69,Failure,LOW
2024-12-18 12:29:57,user3,Viewed Report,Dashboard,29.95.217.247,Failure,HIGH
2024-12-18 01:11:55,user89,Edited Document,File System,170.249.170.157,Success,INFO
2024-12-18 04:18:02,user35,Access Denied,File System,46.27.7.37,Success,CRITICAL
2024-12-17 22:32:46,user3,Deleted Record,Dashboard,80.227.227.255,Failure,HIGH
2024-12-18 02:55:53,user76,Viewed Report,Settings,25.89.46.156,Failure,HIGH
2024-12-17 23:10:41,user89,Login,Settings,46.133.1.111,Success,MEDIUM
2024-12-17 19:14:03,user17,Access Denied,File System,97.241.139.188,Success,CRITICAL
2024-12-18 09:22:36,user49,Deleted Record,Database,227.252.162.249,Failure,LOW
2024-12-18 01:57:05,user49,Deleted Record,Dashboard,162.144.168.161,Failure,INFO
2024-12-18 10:25:02,user61,File Upload,Settings,45.177.151.165,Failure,INFO
2024-12-18 07:20:02,user43,File Upload,File System,114.84.249.211,Success,HIGH
2024-12-17 20:29:04,user3,Added Record,File System,63.71.109.185,Success,MEDIUM
2024-12-18 04:34:14,user17,Login,API Endpoint,14.195.0.69,Failure,MEDIUM
2024-12-18 12:37:03,user3,Password Change,Database,28.185.2.156,Success,MEDIUM
2024-12-18 04:05:06,user65,Deleted Record,Dashboard,103.73.57.166,Success,INFO
2024-12-18 12:25:26,user3,Added Record,Database,4.53.244.19,Success,CRITICAL
2024-12-18 09:50:46,user28,Logout,Database,147.128.16.89,Success,MEDIUM
2024-12-17 23:39:27,user72,File Upload,API Endpoint,154.99.12.193,Failure,LOW
2024-12-18 05:16:21,user91,Logout,File System,181.82.38.91,Success,LOW
2024-12-18 05:26:09,user43,File Download,Database,248.143.217.111,Failure,INFO
2024-12-17 20:08:57,user35,File Upload,API Endpoint,89.115.164.192,Failure,HIGH
2024-12-18 11:26:39,user91,Password Change,API Endpoint,170.208.145.51,Failure,LOW
2024-12-17 13:57:40,user35,File Download,Database,89.44.121.118,Failure,MEDIUM
2024-12-17 20:49:38,user31,Added Record,Dashboard,136.210.162.10,Failure,MEDIUM
2024-12-18 08:51:57,user76,Access Denied,Database,171.41.241.113,Failure,MEDIUM
2024-12-17 22:38:07,user76,File Upload,File System,251.35.50.53,Failure,CRITICAL
2024-12-18 06:09:39,user65,File Download,API Endpoint,255.190.216.142,Success,HIGH
2024-12-17 23:44:44,user3,Edited Document,Dashboard,188.248.45.161,Success,INFO
2024-12-18 05:30:50,user91,Login,Settings,205.4.107.15,Success,INFO
2024-12-17 21:46:06,user3,Viewed Report,Dashboard,150.145.116.65,Success,MEDIUM
2024-12-18 10:57:31,user42,File Upload,Database,166.8.20.224,Success,INFO
2024-12-18 06:40:59,user3,File Download,Database,100.209.27.136,Success,MEDIUM
2024-12-17 15:54:50,user17,Deleted Record,Database,124.27.93.66,Success,MEDIUM
2024-12-18 02:13:41,user89,Viewed Report,Database,231.201.49.153,Failure,LOW
2024-12-18 13:51:15,user16,Deleted Record,Database,40.178.216.14,Success,CRITICAL
2024-12-18 11:59:08,user72,Logout,Settings,40.2.134.40,Success,LOW
2024-12-18 03:59:37,user76,File Download,File System,200.249.51.113,Success,MEDIUM
2024-12-18 12:48:36,user43,File Download,API Endpoint,225.33.241.215,Failure,LOW
2024-12-18 03:43:16,user91,Login,Settings,219.218.4.171,Success,MEDIUM
2024-12-17 15:51:07,user16,Access Denied,API Endpoint,227.14.108.138,Success,CRITICAL
2024-12-17 20:36:29,user65,Password Change,Dashboard,99.180.113.113,Failure,INFO
2024-12-17 23:15:31,user72,Access Denied,API Endpoint,114.65.19.110,Failure,HIGH
2024-12-17 14:18:03,user31,Added Record,API Endpoint,54.75.31.41,Success,LOW
2024-12-18 02:00:43,user3,Logout,API Endpoint,160.25.145.140,Failure,INFO
2024-12-18 08:39:52,user31,Logout,Dashboard,103.87.91.244,Success,CRITICAL
2024-12-17 13:55:18,user22,File Download,Database,162.111.143.49,Success,CRITICAL
2024-12-18 07:55:37,user43,Logout,Settings,159.71.53.222,Failure,MEDIUM
2024-12-18 06:31:05,user3,Logout,Settings,210.36.188.101,Success,CRITICAL
2024-12-18 10:53:50,user35,Viewed Report,API Endpoint,96.131.45.158,Failure,CRITICAL
2024-12-17 17:23:25,user3,Viewed Report,Settings,54.134.165.223,Failure,MEDIUM
2024-12-17 22:24:23,user3,Edited Document,File System,206.225.246.55,Failure,MEDIUM
2024-12-17 22:17:51,user43,Password Change,Database,6.58.225.74,Failure,CRITICAL
2024-12-17 15:05:50,user72,Login,API Endpoint,146.166.185.57,Failure,CRITICAL
2024-12-17 18:23:29,user35,Password Change,API Endpoint,3.63.254.3,Success,HIGH
2024-12-18 05:08:23,user43,Edited Document,API Endpoint,72.108.153.104,Failure,CRITICAL
2024-12-17 18:44:15,user70,File Download,Database,216.12.135.77,Success,HIGH
2024-12-18 05:53:07,user65,Access Denied,Dashboard,233.183.128.37,Failure,MEDIUM
2024-12-18 02:00:45,user49,File Upload,Dashboard,22.255.96.254,Success,INFO
2024-12-18 09:58:27,user65,Logout,Database,44.191.25.111,Success,MEDIUM
2024-12-18 02:30:16,user31,Access Denied,File System,12.145.30.75,Success,HIGH
2024-12-18 05:51:23,user76,Added Record,Database,18.24.47.217,Success,MEDIUM
2024-12-17 15:45:20,user17,Password Change,File System,164.151.65.161,Success,HIGH
2024-12-17 20:42:17,user42,Logout,Dashboard,48.138.146.203,Failure,HIGH
2024-12-18 13:15:04,user76,Password Change,Database,88.204.154.73,Success,MEDIUM
2024-12-18 09:58:05,user31,Deleted Record,Database,222.68.195.161,Failure,INFO
2024-12-18 11:10:23,user42,Edited Document,Database,111.105.73.59,Failure,MEDIUM
2024-12-18 10:01:08,user89,Logout,API Endpoint,188.196.59.115,Failure,MEDIUM
2024-12-18 00:40:48,user43,Viewed Report,API Endpoint,179.71.242.88,Success,MEDIUM
2024-12-18 13:24:28,user89,Edited Document,File System,183.221.173.231,Failure,HIGH
2024-12-18 03:53:08,user43,Access Denied,Dashboard,91.255.86.83,Failure,CRITICAL
2024-12-17 18:35:37,user42,Added Record,Database,195.22.196.3,Failure,HIGH
2024-12-18 08:08:03,user42,Access Denied,Database,198.111.236.203,Success,MEDIUM
2024-12-18 10:27:52,user3,Added Record,Dashboard,80.155.84.224,Failure,INFO
2024-12-17 19:43:40,user70,File Download,Dashboard,82.254.247.139,Success,MEDIUM
2024-12-17 21:13:42,user65,Edited Document,API Endpoint,154.227.215.173,Failure,MEDIUM
2024-12-18 08:19:38,user3,Added Record,File System,77.147.183.223,Success,LOW
2024-12-18 11:20:54,user3,Added Record,Settings,28.13.71.171,Success,INFO
2024-12-17 23:23:07,user89,Deleted Record,Dashboard,22.51.187.82,Success,MEDIUM
2024-12-17 22:25:43,user91,Viewed Report,File System,113.229.35.28,Failure,LOW
2024-12-17 16:10:31,user91,Password Change,Settings,72.3.39.107,Success,CRITICAL
2024-12-18 12:27:08,user89,Deleted Record,Database,225.60.156.50,Success,MEDIUM
2024-12-17 14:12:39,user31,Added Record,File System,32.125.84.196,Failure,INFO
2024-12-17 21:50:45,user16,File Upload,API Endpoint,133.97.192.216,Success,LOW
2024-12-18 02:10:39,user89,Access Denied,Database,115.49.194.127,Failure,MEDIUM
2024-12-18 03:48:30,user17,Deleted Record,Dashboard,64.166.179.183,Success,MEDIUM
2024-12-18 07:14:14,user3,File Upload,Database,95.210.187.2,Success,INFO
2024-12-17 15:05:40,user61,Edited Document,API Endpoint,172.250.188.184,Success,LOW
2024-12-17 22:27:12,user35,Deleted Record,API Endpoint,192.2.54.76,Failure,HIGH
2024-12-18 12:23:37,user3,File Download,Dashboard,58.146.82.211,Failure,LOW
2024-12-18 02:33:26,user72,File Download,Dashboard,3.212.242.142,Success,MEDIUM
2024-12-18 05:25:09,user3,Login,File System,72.200.172.163,Success,INFO
2024-12-18 11:35:29,user17,Password Change,Settings,234.20.198.101,Success,INFO
2024-12-18 12:05:30,user70,Added Record,Database,88.37.190.0,Success,HIGH
2024-12-18 13:13:04,user70,Password Change,Dashboard,98.255.255.50,Success,LOW
2024-12-18 03:10:13,user22,Access Denied,File System,77.178.167.185,Success,MEDIUM
2024-12-18 10:39:14,user49,Viewed Report,Dashboard,223.1.173.79,Failure,MEDIUM
2024-12-18 01:00:20,user31,Added Record,Settings,241.246.179.156,Failure,CRITICAL
2024-12-18 02:27:22,user89,Added Record,Database,57.22.139.66,Success,HIGH
2024-12-17 14:51:48,user17,Password Change,Database,116.155.241.171,Failure,LOW
2024-12-18 05:39:50,user3,File Upload,Settings,250.195.199.150,Failure,MEDIUM
2024-12-17 15:34:55,user43,Viewed Report,API Endpoint,22.2.78.45,Failure,LOW
2024-12-18 00:06:27,user31,Deleted Record,Settings,121.120.220.207,Success,HIGH
2024-12-18 08:39:28,user89,Password Change,Dashboard,198.63.67.22,Failure,HIGH
2024-12-18 09:59:25,user76,File Download,API Endpoint,161.211.174.54,Failure,LOW
2024-12-17 20:30:13,user76,Deleted Record,Settings,189.39.167.200,Success,CRITICAL
2024-12-18 10:03:20,user31,Access Denied,Dashboard,93.160.33.108,Failure,HIGH
2024-12-18 05:53:26,user91,Login,File System,172.189.219.26,Success,CRITICAL
2024-12-17 14:55:35,user35,Edited Document,Dashboard,103.225.90.208,Success,HIGH
2024-12-18 05:31:25,user76,File Download,Database,44.232.63.212,Failure,HIGH
2024-12-17 17:34:43,user76,Deleted Record,Database,107.151.198.12,Success,HIGH
2024-12-18 05:02:58,user65,Added Record,Database,150.199.161.225,Failure,MEDIUM
2024-12-17 22:42:59,user42,Deleted Record,API Endpoint,124.59.10.193,Failure,MEDIUM
2024-12-17 21:04:32,user89,Logout,Settings,145.56.6.158,Failure,MEDIUM
2024-12-17 22:52:46,user17,File Download,Settings,215.215.54.211,Failure,CRITICAL
2024-12-18 12:24:46,user91,Password Change,API Endpoint,185.32.32.0,Success,INFO
2024-12-18 01:43:38,user65,Logout,Settings,227.27.128.68,Success,LOW
2024-12-17 21:16:07,user61,Login,Settings,54.165.165.191,Success,LOW
2024-12-17 22:58:34,user22,File Download,File System,139.75.32.1,Success,INFO
2024-12-18 13:44:30,user3,Added Record,Database,93.48.3.208,Failure,MEDIUM
2024-12-17 22:25:14,user76,Access Denied,API Endpoint,182.207.158.222,Failure,INFO
2024-12-17 23:10:52,user72,Access Denied,Settings,76.49.107.41,Failure,INFO
2024-12-18 11:33:37,user28,File Upload,API Endpoint,183.0.170.18,Success,MEDIUM
2024-12-18 01:12:44,user28,Logout,File System,49.232.253.157,Failure,INFO
2024-12-17 21:40:50,user16,File Upload,Settings,118.129.249.62,Success,MEDIUM
2024-12-18 01:02:54,user3,Edited Document,File System,136.10.129.189,Failure,CRITICAL
2024-12-18 13:51:30,user3,Password Change,Settings,114.51.56.239,Success,HIGH
2024-12-18 06:33:58,user17,Password Change,Settings,97.226.160.206,Failure,INFO
2024-12-18 06:36:29,user76,Access Denied,API Endpoint,184.228.132.174,Success,INFO
2024-12-17 20:35:12,user42,Edited Document,Dashboard,28.51.137.116,Success,MEDIUM
2024-12-17 16:17:24,user43,Deleted Record,API Endpoint,201.68.211.249,Failure,INFO
2024-12-17 23:19:17,user3,Login,Settings,32.122.167.19,Success,INFO
2024-12-18 00:26:12,user70,Deleted Record,Settings,125.220.165.70,Failure,HIGH
2024-12-18 03:15:18,user61,File Download,File System,192.221.82.115,Success,LOW
2024-12-18 09:28:09,user28,Access Denied,Dashboard,12.205.104.124,Failure,MEDIUM
2024-12-18 11:13:52,user3,Logout,API Endpoint,151.46.180.250,Failure,HIGH
2024-12-17 21:36:07,user42,Password Change,Database,118.140.127.51,Success,HIGH
2024-12-17 15:05:53,user3,Edited Document,Dashboard,160.108.92.201,Success,INFO
2024-12-18 01:40:13,user22,Access Denied,API Endpoint,14.7.253.139,Success,MEDIUM
2024-12-18 02:23:23,user16,File Download,Database,81.57.103.202,Success,CRITICAL
2024-12-18 09:45:18,user91,File Download,Settings,222.57.139.171,Failure,INFO
2024-12-18 06:54:50,user70,File Upload,File System,40.235.198.115,Failure,HIGH
2024-12-18 12:07:06,user3,File Upload,File System,22.77.118.91,Failure,LOW
2024-12-18 10:44:05,user65,Viewed Report,Database,32.25.226.231,Failure,HIGH
2024-12-18 13:39:09,user3,Password Change,Database,165.236.155.213,Success,CRITICAL
2024-12-17 22:25:36,user72,Password Change,Settings,16.64.100.93,Success,CRITICAL
2024-12-18 03:02:54,user70,File Download,Dashboard,100.120.161.86,Success,LOW
2024-12-18 00:44:42,user61,Deleted Record,Dashboard,237.124.32.165,Failure,LOW
2024-12-18 05:59:19,user49,Added Record,Settings,215.11.61.33,Success,MEDIUM
2024-12-17 21:40:03,user89,Login,API Endpoint,235.146.118.127,Failure,LOW
2024-12-18 00:46:39,user61,File Download,Dashboard,216.84.120.189,Failure,MEDIUM
2024-12-18 12:00:15,user3,File Upload,Database,28.53.67.92,Failure,INFO
2024-12-18 05:47:32,user72,File Download,File System,35.108.83.156,Failure,LOW
2024-12-17 21:00:37,user65,Viewed Report,File System,75.57.82.51,Failure,MEDIUM
2024-12-18 08:36:15,user16,Access Denied,API Endpoint,23.127.248.75,Success,CRITICAL
2024-12-17 22:39:10,user16,Logout,File System,50.38.86.72,Failure,LOW
2024-12-18 13:25:52,user28,Viewed Report,Dashboard,55.145.98.197,Success,LOW
2024-12-18 07:13:15,user43,Access Denied,API Endpoint,198.81.9.187,Failure,HIGH
2024-12-17 22:37:55,user22,File Upload,Database,230.190.17.13,Failure,LOW
2024-12-18 00:29:44,user3,Logout,Dashboard,61.87.210.254,Success,HIGH
2024-12-18 01:18:46,user76,Login,Dashboard,44.182.123.50,Success,HIGH
2024-12-18 12:13:10,user76,File Download,Dashboard,110.247.152.161,Success,CRITICAL
2024-12-18 07:33:35,user3,Login,Dashboard,239.94.34.54,Success,LOW
2024-12-17 14:21:40,user70,Viewed Report,API Endpoint,114.211.30.185,Success,LOW
2024-12-18 05:53:45,user43,Access Denied,Settings,120.178.245.226,Success,HIGH
2024-12-17 22:25:23,user3,File Upload,File System,220.34.133.199,Failure,MEDIUM
2024-12-18 05:44:55,user49,File Download,File System,204.243.222.253,Failure,MEDIUM
2024-12-17 19:44:36,user89,Password Change,Settings,230.102.184.93,Success,INFO
2024-12-18 00:27:46,user72,Access Denied,Database,32.210.218.253,Success,CRITICAL
2024-12-17 22:54:41,user91,Access Denied,File System,31.203.120.124,Failure,INFO
2024-12-18 11:25:42,user17,Viewed Report,Dashboard,20.228.56.27,Failure,INFO
2024-12-18 13:12:59,user70,Logout,Settings,84.149.156.36,Success,HIGH
2024-12-18 11:57:48,user31,File Download,File System,154.168.194.234,Failure,LOW
2024-12-17 18:37:24,user76,Login,API Endpoint,213.240.148.238,Success,CRITICAL
2024-12-18 12:02:10,user43,File Download,API Endpoint,152.166.214.16,Success,HIGH
2024-12-18 12:29:32,user31,Password Change,File System,86.148.168.232,Failure,CRITICAL
2024-12-18 00:46:52,user89,File Upload,API Endpoint,79.253.33.43,Failure,INFO
2024-12-18 03:39:41,user76,Deleted Record,API Endpoint,51.250.249.156,Failure,CRITICAL
2024-12-17 18:54:04,user89,Viewed Report,Database,83.66.103.220,Success,CRITICAL
2024-12-18 04:38:57,user49,Access Denied,Database,193.28.192.68,Failure,MEDIUM
2024-12-18 10:13:54,user89,Logout,API Endpoint,3.73.104.32,Success,INFO
2024-12-18 12:05:46,user72,Logout,File System,83.231.36.82,Success,LOW
2024-12-17 18:19:33,user89,Password Change,API Endpoint,236.231.49.179,Success,INFO
2024-12-18 08:50:12,user17,Password Change,API Endpoint,144.197.6.136,Failure,HIGH
2024-12-17 23:41:51,user61,Deleted Record,Database,108.148.169.249,Failure,CRITICAL
2024-12-18 11:27:56,user3,Viewed Report,File System,34.37.143.131,Success,MEDIUM
2024-12-17 16:57:57,user3,Added Record,Settings,23.54.253.202,Failure,CRITICAL
2024-12-17 19:43:44,user70,Edited Document,Dashboard,207.237.132.32,Success,HIGH
2024-12-17 16:45:02,user65,File Download,API Endpoint,115.211.194.76,Success,LOW
2024-12-18 04:42:15,user35,Access Denied,File System,83.138.110.189,Success,MEDIUM
2024-12-18 13:49:02,user76,Edited Document,Database,236.150.83.138,Success,MEDIUM
2024-12-18 12:16:28,user3,File Upload,API Endpoint,193.95.78.29,Success,INFO
2024-12-17 23:57:21,user42,Password Change,Dashboard,167.120.99.129,Success,MEDIUM
2024-12-17 17:57:39,user72,Edited Document,File System,122.72.237.54,Failure,CRITICAL
2024-12-17 16:44:45,user43,Password Change,Database,201.122.119.202,Success,HIGH
2024-12-18 08:43:26,user61,Viewed Report,Dashboard,97.180.52.52,Success,MEDIUM
2024-12-18 10:07:03,user61,Logout,File System,126.165.46.105,Success,HIGH
2024-12-18 00:54:58,user89,Login,API Endpoint,41.247.130.48,Failure,MEDIUM
2024-12-17 18:10:21,user49,Logout,Database,230.41.200.98,Failure,CRITICAL
2024-12-18 00:33:37,user89,Password Change,Settings,32.43.104.8,Failure,HIGH
2024-12-17 14:27:01,user3,Access Denied,Dashboard,220.95.223.169,Success,INFO
2024-12-18 01:29:07,user35,Password Change,Dashboard,215.170.43.72,Failure,INFO
2024-12-17 15:51:03,user31,Login,Dashboard,198.199.53.230,Failure,HIGH
2024-12-18 08:10:41,user43,Edited Document,File System,25.104.128.97,Failure,CRITICAL
2024-12-18 06:33:15,user49,Viewed Report,Dashboard,37.191.129.161,Success,HIGH
2024-12-18 06:36:32,user35,Viewed Report,Database,117.120.152.4,Failure,MEDIUM
2024-12-17 19:19:19,user89,Viewed Report,File System,169.37.108.225,Failure,CRITICAL
2024-12-17 23:37:17,user16,Deleted Record,File System,248.70.208.136,Success,MEDIUM
2024-12-17 20:40:13,user3,Access Denied,Dashboard,114.177.145.51,Success,LOW
2024-12-17 21:20:59,user3,File Upload,API Endpoint,122.234.23.95,Failure,HIGH
2024-12-17 15:23:48,user65,Viewed Report,Dashboard,85.133.124.254,Failure,INFO
2024-12-18 13:19:17,user65,Access Denied,API Endpoint,33.53.186.195,Failure,LOW
2024-12-17 23:22:51,user65,Logout,File System,108.61.207.2,Success,LOW
2024-12-17 18:12:51,user89,Deleted Record,File System,38.17.139.235,Failure,LOW
2024-12-17 15:02:12,user3,Password Change,Settings,10.2.227.182,Failure,INFO
2024-12-17 15:01:50,user70,Logout,Settings,12.163.217.212,Failure,LOW
2024-12-17 17:45:48,user3,Edited Document,Database,72.173.211.210,Success,CRITICAL
2024-12-18 07:28:11,user42,Logout,Dashboard,52.93.155.82,Success,LOW
2024-12-17 18:36:19,user42,Deleted Record,Database,72.202.202.243,Failure,MEDIUM
2024-12-18 08:49:10,user22,Deleted Record,Settings,94.170.249.1,Success,CRITICAL
2024-12-18 13:20:37,user31,Login,File System,44.143.132.62,Failure,INFO
2024-12-18 03:38:17,user65,Password Change,File System,86.163.181.209,Success,CRITICAL
2024-12-18 09:49:52,user16,Access Denied,Dashboard,182.61.102.138,Success,LOW
2024-12-18 11:39:42,user76,Access Denied,File System,2.253.64.157,Success,CRITICAL
2024-12-17 17:55:51,user17,Logout,Settings,158.171.16.197,Failure,MEDIUM
2024-12-17 22:43:37,user70,File Download,Dashboard,216.127.250.75,Success,HIGH
2024-12-18 02:53:38,user3,Viewed Report,API Endpoint,66.21.148.155,Success,CRITICAL
2024-12-18 04:33:04,user28,File Upload,File System,143.97.206.188,Success,MEDIUM
2024-12-18 03:46:08,user43,Password Change,Dashboard,218.169.203.107,Success,HIGH
2024-12-17 20:22:33,user42,Deleted Record,Dashboard,104.139.15.171,Success,LOW
2024-12-17 23:37:35,user91,Added Record,Dashboard,45.160.119.85,Success,LOW
2024-12-18 12:29:18,user42,Login,API Endpoint,39.76.80.162,Success,HIGH
2024-12-18 00:31:49,user42,Login,Dashboard,238.238.221.23,Failure,LOW
2024-12-18 04:52:36,user28,File Upload,File System,25.27.54.6,Failure,LOW
2024-12-18 01:22:42,user65,Logout,Database,150.159.254.139,Success,LOW
2024-12-18 04:02:00,user70,Login,Settings,133.149.216.232,Success,MEDIUM
2024-12-18 07:41:34,user16,Login,File System,16.26.50.163,Success,HIGH
2024-12-17 16:57:34,user65,Access Denied,File System,191.99.232.186,Success,LOW
2024-12-17 17:24:03,user3,File Upload,File System,146.177.173.175,Failure,CRITICAL
2024-12-17 23:13:27,user16,Edited Document,Database,14.88.83.56,Failure,INFO
2024-12-17 18:08:03,user17,Password Change,File System,158.6.69.30,Success,MEDIUM
2024-12-17 17:20:00,user65,File Download,API Endpoint,131.113.122.17,Failure,MEDIUM
2024-12-17 21:03:26,user43,Login,Settings,228.33.196.176,Success,INFO
2024-12-18 02:53:31,user22,Login,API Endpoint,34.198.233.203,Success,CRITICAL
2024-12-18 04:57:42,user89,Login,File System,35.44.184.19,Success,INFO
2024-12-17 18:31:19,user42,Edited Document,File System,143.164.15.141,Failure,MEDIUM
2024-12-17 21:06:06,user49,Logout,Settings,104.87.173.33,Success,HIGH
2024-12-17 20:59:53,user43,Added Record,Settings,238.63.48.42,Success,HIGH
2024-12-18 07:29:39,user28,Access Denied,File System,251.186.49.54,Success,MEDIUM
2024-12-18 10:29:18,user31,Password Change,API Endpoint,222.54.197.89,Success,CRITICAL
2024-12-18 06:14:36,user22,File Upload,Dashboard,61.223.46.12,Failure,LOW
2024-12-18 13:31:30,user35,Deleted Record,Dashboard,110.253.248.151,Failure,CRITICAL
2024-12-18 10:30:07,user3,Viewed Report,Settings,255.170.108.254,Failure,HIGH
2024-12-18 10:28:57,user3,Logout,Settings,12.110.238.9,Failure,INFO
2024-12-17 18:56:20,user17,Access Denied,Dashboard,14.62.204.198,Success,CRITICAL
2024-12-18 10:46:34,user89,Password Change,Database,5.136.143.119,Failure,LOW
2024-12-18 13:38:47,user3,File Download,Database,202.73.177.122,Failure,MEDIUM
2024-12-17 14:59:31,user49,File Upload,File System,165.22.94.78,Failure,INFO
2024-12-17 21:36:59,user72,File Upload,File System,25.41.20.191,Success,INFO
2024-12-18 04:02:20,user16,Access Denied,Database,141.173.0.9,Success,HIGH
2024-12-18 06:56:26,user72,Access Denied,Dashboard,113.214.179.101,Success,CRITICAL
2024-12-18 07:54:59,user89,Password Change,Settings,208.93.80.102,Success,CRITICAL
2024-12-18 10:59:24,user89,Logout,API Endpoint,175.12.67.200,Failure,MEDIUM
2024-12-18 07:44:08,user3,Deleted Record,File System,20.75.237.185,Success,INFO
2024-12-18 01:13:18,user31,File Upload,Database,150.231.205.89,Success,MEDIUM
2024-12-17 18:50:45,user31,Edited Document,Settings,161.52.35.218,Success,MEDIUM
2024-12-17 20:24:22,user16,Login,File System,157.251.224.31,Success,INFO
2024-12-18 04:49:30,user89,Added Record,Database,195.55.119.189,Success,MEDIUM
2024-12-17 18:20:27,user61,File Download,Settings,195.183.34.115,Success,CRITICAL
2024-12-17 18:45:50,user61,File Upload,File System,197.230.17.146,Success,MEDIUM
2024-12-17 18:08:46,user42,File Download,API Endpoint,210.231.90.182,Success,LOW
2024-12-18 09:24:18,user70,Logout,Database,139.164.126.139,Success,CRITICAL
2024-12-17 17:40:56,user31,Login,Database,230.78.47.130,Success,HIGH
2024-12-18 05:58:45,user3,Added Record,File System,221.180.129.242,Success,HIGH
2024-12-17 21:32:10,user28,Logout,Database,190.13.160.146,Success,INFO
2024-12-18 06:47:03,user89,Logout,Dashboard,22.193.10.121,Success,HIGH
2024-12-17 23:00:34,user42,File Download,Settings,203.205.20.189,Failure,MEDIUM
2024-12-18 13:10:38,user17,File Download,API Endpoint,11.210.211.119,Failure,LOW
2024-12-18 06:44:08,user28,Deleted Record,Dashboard,7.2.158.179,Success,INFO
2024-12-18 00:32:45,user43,Added Record,File System,48.88.106.182,Success,INFO
2024-12-17 15:06:19,user76,Login,Dashboard,194.168.175.243,Failure,CRITICAL
2024-12-18 13:41:11,user43,File Download,API Endpoint,207.221.101.30,Success,HIGH
2024-12-17 23:56:56,user43,Logout,Dashboard,224.232.253.146,Failure,MEDIUM
2024-12-17 15:42:30,user43,File Download,File System,179.106.200.157,Failure,CRITICAL
2024-12-18 01:03:26,user17,Access Denied,API Endpoint,62.33.75.114,Success,INFO
2024-12-17 22:13:19,user22,Password Change,Dashboard,15.253.7.139,Failure,HIGH
2024-12-18 02:38:12,user3,File Download,Dashboard,124.171.95.13,Success,CRITICAL
2024-12-18 01:01:41,user76,File Download,API Endpoint,166.151.224.55,Success,INFO
2024-12-18 12:54:24,user31,Edited Document,API Endpoint,206.3.120.215,Success,HIGH
2024-12-17 21:19:29,user16,Password Change,API Endpoint,233.47.80.177,Success,MEDIUM
2024-12-17 14:17:56,user35,Access Denied,API Endpoint,98.250.225.44,Success,HIGH
2024-12-18 10:04:38,user72,Password Change,Database,23.157.134.7,Failure,MEDIUM
2024-12-18 01:03:39,user65,Access Denied,File System,148.134.119.115,Failure,LOW
2024-12-17 16:27:53,user22,Login,Dashboard,163.167.4.247,Failure,MEDIUM
2024-12-17 16:08:03,user61,Viewed Report,Settings,174.55.78.5,Success,HIGH
2024-12-17 14:57:08,user89,Added Record,Dashboard,192.190.92.37,Success,INFO
2024-12-18 11:09:32,user35,Logout,Dashboard,239.253.74.58,Success,MEDIUM
2024-12-17 19:49:13,user17,Access Denied,Settings,29.27.201.118,Failure,INFO
2024-12-17 14:20:27,user17,Login,File System,57.236.67.0,Failure,MEDIUM
2024-12-17 23:26:50,user76,Login,Dashboard,191.109.234.56,Success,INFO
2024-12-18 11:16:07,user91,Deleted Record,Dashboard,8.35.121.58,Success,HIGH
2024-12-18 13:33:59,user65,Logout,API Endpoint,34.191.201.115,Success,CRITICAL
2024-12-17 15:50:42,user17,Password Change,File System,16.168.182.237,Failure,LOW
2024-12-17 16:12:40,user91,Added Record,API Endpoint,179.253.124.132,Failure,LOW
2024-12-18 12:18:49,user3,Login,File System,62.202.59.147,Failure,LOW
2024-12-18 08:19:28,user70,File Upload,Database,135.208.59.32,Success,MEDIUM
2024-12-18 04:35:13,user16,File Download,Dashboard,216.52.98.116,Failure,CRITICAL
2024-12-18 00:29:16,user61,Access Denied,Database,58.253.27.46,Success,INFO
2024-12-17 14:21:51,user89,Viewed Report,API Endpoint,121.250.45.4,Success,CRITICAL
2024-12-18 11:12:42,user49,Logout,API Endpoint,65.114.17.99,Success,CRITICAL
2024-12-17 17:53:41,user35,Login,Dashboard,234.111.241.132,Failure,HIGH
2024-12-18 06:17:12,user28,Deleted Record,API Endpoint,158.218.135.161,Success,CRITICAL
2024-12-17 15:17:57,user72,Added Record,API Endpoint,240.231.39.165,Failure,LOW
2024-12-17 23:24:59,user3,File Upload,Database,101.225.55.5,Failure,MEDIUM
2024-12-18 06:21:41,user17,Password Change,Database,123.135.240.112,Failure,HIGH
2024-12-17 18:07:05,user28,Password Change,Database,48.111.123.45,Failure,HIGH
2024-12-18 13:40:12,user31,Login,File System,90.188.81.245,Success,INFO
2024-12-18 06:47:44,user70,Deleted Record,Settings,246.186.79.203,Success,LOW
2024-12-17 19:06:59,user28,File Upload,API Endpoint,22.124.150.151,Failure,HIGH
2024-12-18 12:48:10,user16,Password Change,Settings,135.57.114.83,Success,INFO
2024-12-17 23:13:02,user43,Login,Settings,128.185.174.34,Failure,INFO
2024-12-18 12:58:28,user22,Added Record,Database,36.163.147.66,Failure,MEDIUM
2024-12-17 18:12:39,user17,Added Record,File System,1.28.86.61,Failure,HIGH
2024-12-17 21:30:15,user3,Deleted Record,API Endpoint,150.168.53.119,Failure,HIGH
2024-12-17 19:57:34,user91,File Upload,Settings,247.27.158.145,Failure,INFO
2024-12-18 05:17:12,user42,Access Denied,API Endpoint,17.178.23.222,Success,MEDIUM
2024-12-18 11:11:48,user28,File Download,Dashboard,206.189.63.212,Success,CRITICAL
2024-12-18 09:44:17,user72,Logout,Settings,96.98.251.45,Failure,HIGH
2024-12-18 12:01:34,user31,Viewed Report,Dashboard,70.228.248.175,Failure,MEDIUM
2024-12-17 21:35:54,user16,Deleted Record,File System,214.115.178.11,Failure,INFO
2024-12-18 02:45:39,user76,Access Denied,API Endpoint,219.32.35.29,Failure,LOW
2024-12-18 00:43:45,user89,Login,File System,72.148.137.198,Failure,CRITICAL
2024-12-17 14:13:20,user22,Access Denied,API Endpoint,161.153.250.45,Success,LOW
2024-12-18 01:47:08,user70,Edited Document,API Endpoint,240.211.207.142,Failure,MEDIUM
2024-12-18 11:56:24,user35,Logout,Settings,56.153.160.229,Success,LOW
2024-12-18 11:31:50,user3,File Download,API Endpoint,93.85.102.46,Failure,CRITICAL
2024-12-18 00:56:06,user28,File Upload,File System,31.1.81.56,Success,INFO
2024-12-17 14:23:49,user89,Added Record,File System,239.184.17.44,Success,MEDIUM
2024-12-17 20:53:34,user3,Viewed Report,Dashboard,143.111.242.14,Success,MEDIUM
2024-12-17 14:13:45,user89,Deleted Record,Database,49.2.178.54,Success,CRITICAL
2024-12-17 15:44:52,user3,Access Denied,API Endpoint,55.164.15.218,Failure,MEDIUM
2024-12-18 00:54:47,user65,Added Record,Database,191.211.217.227,Success,INFO
2024-12-17 18:35:23,user72,Viewed Report,API Endpoint,217.35.132.168,Success,INFO
2024-12-17 18:43:45,user65,Added Record,API Endpoint,186.218.186.85,Failure,HIGH
2024-12-18 02:45:05,user22,Access Denied,API Endpoint,5.127.118.224,Failure,MEDIUM
